"state_name","year","quarter","total_transactions","total_amount"
"maharashtra",2018,1,"16387034","21711613257.725385024"
"uttar-pradesh",2018,1,"12537805","13939970923.22266595"
"karnataka",2018,1,"12016899","19217895314.01350856"
"west-bengal",2018,1,"11710225","10625978552.14022352"
"andhra-pradesh",2018,1,"9039585","11996276391.82330446"
"telangana",2018,1,"8522766","13308204118.54235034"
"madhya-pradesh",2018,1,"8025395","8681603403.44592027"
"rajasthan",2018,1,"7591690","8926293130.72678006"
"delhi",2018,1,"7122754","11211503806.919961604"
"tamil-nadu",2018,1,"6726622","11261557697.51667737"
"gujarat",2018,1,"5948775","7577982255.034048615"
"bihar",2018,1,"5824302","6045758172.01714076"
"odisha",2018,1,"5809821","4627632210.88748255"
"haryana",2018,1,"4480770","6793511514.660396986"
"jharkhand",2018,1,"2178921","2374186389.919386311"
"chhattisgarh",2018,1,"1891514","2149155557.236765385"
"punjab",2018,1,"1870433","2780758224.854395762"
"kerala",2018,1,"1771380","2402674753.100505483"
"uttarakhand",2018,1,"1246685","1508545358.5238863745"
"assam",2018,1,"1056881","1157804456.212468042"
"jammu-&-kashmir",2018,1,"941568","1005371239.256127023"
"himachal-pradesh",2018,1,"481918","628737806.372337833"
"chandigarh",2018,1,"381895","613435420.867623287"
"goa",2018,1,"160897","303856742.343083863"
"dadra-&-nagar-haveli-&-daman-&-diu",2018,1,"148549","175658384.1092168733"
"tripura",2018,1,"148157","137978914.5306226285"
"puducherry",2018,1,"104212","165825971.3698361374"
"manipur",2018,1,"84069","128046173.93020904866"
"meghalaya",2018,1,"49571","66250259.7899005136"
"arunachal-pradesh",2018,1,"45497","92387336.00940918208"
"sikkim",2018,1,"44078","64650938.94036841563"
"nagaland",2018,1,"42845","78005891.0861250998"
"mizoram",2018,1,"18561","45227219.97579083459"
"andaman-&-nicobar-islands",2018,1,"6658","14631761.221985791353"
"ladakh",2018,1,"6089","12532857.77111477716"
"lakshadweep",2018,1,"778","1928611.1808777403326"
"maharashtra",2018,2,"22285740","36357057241.12071837"
"west-bengal",2018,2,"18082446","18629183470.20390227"
"uttar-pradesh",2018,2,"17710943","25720201695.69999114"
"karnataka",2018,2,"17116447","33515580081.30099079"
"andhra-pradesh",2018,2,"12353918","22883914272.63306176"
"telangana",2018,2,"10764670","23017201517.65230923"
"madhya-pradesh",2018,2,"10561412","15924081066.679313916"
"tamil-nadu",2018,2,"9992128","20125844276.26647219"
"rajasthan",2018,2,"9973697","15559086175.75810109"
"delhi",2018,2,"9373723","17446299902.20514675"
"bihar",2018,2,"8632378","13506131109.672049265"
"odisha",2018,2,"8158144","8488310339.61969315"
"gujarat",2018,2,"7745733","12162684771.64103561"
"haryana",2018,2,"6150931","11320414442.11641944"
"jharkhand",2018,2,"3152080","4721575659.06285335"
"chhattisgarh",2018,2,"2816156","4264170443.16164963"
"punjab",2018,2,"2581163","4684672212.007035894"
"kerala",2018,2,"2308165","3886923343.44262405"
"jammu-&-kashmir",2018,2,"1796326","2651206236.502874166"
"uttarakhand",2018,2,"1704122","2679755378.551041456"
"assam",2018,2,"1663873","2350585135.537794659"
"himachal-pradesh",2018,2,"687695","1183169301.3511195114"
"chandigarh",2018,2,"479084","961223261.7447293107"
"goa",2018,2,"229575","478603825.358615096"
"tripura",2018,2,"214559","236891718.716135943"
"dadra-&-nagar-haveli-&-daman-&-diu",2018,2,"202626","302070771.65615161566"
"manipur",2018,2,"151721","253209721.3194942237"
"puducherry",2018,2,"130261","285801119.5324368787"
"arunachal-pradesh",2018,2,"82157","198970192.34204648414"
"sikkim",2018,2,"74578","143693085.52979562267"
"meghalaya",2018,2,"67857","117004667.8418316734"
"nagaland",2018,2,"65599","153325577.8803016947"
"mizoram",2018,2,"27051","83508405.55773433143"
"ladakh",2018,2,"15010","47334902.5377414795"
"andaman-&-nicobar-islands",2018,2,"11340","28338535.50795354446"
"lakshadweep",2018,2,"2132","6187809.5394005375014"
"west-bengal",2018,3,"53705416","41843934183.1784703"
"maharashtra",2018,3,"31538538","52260817733.247032804"
"odisha",2018,3,"30052155","23094515775.58483290"
"uttar-pradesh",2018,3,"26515356","37012114369.24106688"
"karnataka",2018,3,"25980261","48225091755.80808219"
"andhra-pradesh",2018,3,"25626061","35718044599.21493118"
"telangana",2018,3,"19332703","32030093209.72355623"
"delhi",2018,3,"18547048","27375846860.61856456"
"madhya-pradesh",2018,3,"17126985","24149742204.67240194"
"tamil-nadu",2018,3,"15774078","29330092241.18416837"
"bihar",2018,3,"14367804","20135804378.90134160"
"rajasthan",2018,3,"14257098","24040768671.21244402"
"gujarat",2018,3,"11334149","17866404426.275486595"
"haryana",2018,3,"8262024","16375139007.627700976"
"jharkhand",2018,3,"8122621","8661571417.70461812"
"chhattisgarh",2018,3,"3859604","6302307073.446315696"
"punjab",2018,3,"3462108","7065687043.82119355"
"kerala",2018,3,"3134348","5323025223.875455679"
"assam",2018,3,"2351851","3811134989.914273349"
"jammu-&-kashmir",2018,3,"2303961","3934700999.4576699045"
"uttarakhand",2018,3,"2229132","3726573039.858497179"
"himachal-pradesh",2018,3,"886754","1754041432.8580287647"
"chandigarh",2018,3,"616936","1369354447.5343115051"
"tripura",2018,3,"377703","453863388.0405927748"
"goa",2018,3,"339511","713166969.23823406983"
"dadra-&-nagar-haveli-&-daman-&-diu",2018,3,"289575","447639595.67817528606"
"puducherry",2018,3,"190271","417658075.4942069822"
"manipur",2018,3,"189258","383331244.794122380"
"arunachal-pradesh",2018,3,"131146","331726406.7413913712"
"meghalaya",2018,3,"110290","209853661.5343941976"
"sikkim",2018,3,"108500","235080226.9533178451"
"nagaland",2018,3,"94371","241792742.93665320129"
"mizoram",2018,3,"39316","116600738.12539040134"
"ladakh",2018,3,"24864","84090977.14484603979"
"andaman-&-nicobar-islands",2018,3,"16265","55557471.1343111111785"
"lakshadweep",2018,3,"1703","4339032.311985848907"
"maharashtra",2018,4,"46090223","79518937047.83362792"
"karnataka",2018,4,"44812071","73008386576.06797155"
"west-bengal",2018,4,"36513548","40489619211.70435881"
"uttar-pradesh",2018,4,"36100767","55096743575.91730032"
"andhra-pradesh",2018,4,"30759548","51473779406.84100783"
"delhi",2018,4,"29187719","39722857618.70639822"
"telangana",2018,4,"28921154","49509088448.04850812"
"tamil-nadu",2018,4,"22457444","43302073975.89410558"
"madhya-pradesh",2018,4,"21397555","33905608072.967319996"
"odisha",2018,4,"21142798","23429869571.56130224"
"rajasthan",2018,4,"20959723","37909087083.338672374"
"bihar",2018,4,"15732401","28397997168.57769443"
"gujarat",2018,4,"14733303","24830987102.78259987"
"haryana",2018,4,"12950183","25390876016.45592710"
"jharkhand",2018,4,"6284043","10241916641.12236251"
"chhattisgarh",2018,4,"5365844","9416412664.971485467"
"punjab",2018,4,"4887137","10781982573.649789307"
"kerala",2018,4,"4310654","7747361236.812408876"
"assam",2018,4,"3734172","5888022859.01310833"
"uttarakhand",2018,4,"3178761","5654272137.963896778"
"jammu-&-kashmir",2018,4,"2721310","5664720265.697518556"
"himachal-pradesh",2018,4,"1307883","2621298968.139249202"
"chandigarh",2018,4,"905116","2032591591.7799746538"
"goa",2018,4,"514755","1153005078.9224049479"
"tripura",2018,4,"448059","624885599.4644466104"
"dadra-&-nagar-haveli-&-daman-&-diu",2018,4,"404082","658750616.8008867073"
"puducherry",2018,4,"307964","625691665.4234947901"
"manipur",2018,4,"236110","605683559.3060118376"
"arunachal-pradesh",2018,4,"176429","504040029.09176033392"
"meghalaya",2018,4,"161132","337585679.00467382976"
"sikkim",2018,4,"154533","383141358.0782537971"
"nagaland",2018,4,"139333","388013467.54562377437"
"mizoram",2018,4,"55242","190426852.52952956513"
"ladakh",2018,4,"35211","135522842.49263744334"
"andaman-&-nicobar-islands",2018,4,"23758","90548336.0744551731"
"lakshadweep",2018,4,"1642","4463213.6982228312244"
"karnataka",2019,1,"86587609","117976382145.75729407"
"maharashtra",2019,1,"75079069","111420690920.34101816"
"telangana",2019,1,"65290702","95523262035.664694325"
"uttar-pradesh",2019,1,"57324504","76524180134.00966429"
"andhra-pradesh",2019,1,"57264522","83760595917.07639468"
"west-bengal",2019,1,"47626388","50164672623.87978927"
"delhi",2019,1,"47007327","58469131789.497274633"
"rajasthan",2019,1,"43956040","61141158575.55400776"
"madhya-pradesh",2019,1,"37301049","48070279522.047845943"
"odisha",2019,1,"34031942","35427127930.699647814"
"tamil-nadu",2019,1,"32275045","56204036816.129966233"
"bihar",2019,1,"26356234","41502827514.526255443"
"gujarat",2019,1,"24991451","35856080308.476943597"
"haryana",2019,1,"22135775","34051655721.631639841"
"jharkhand",2019,1,"9387708","13627236449.27810580"
"chhattisgarh",2019,1,"7887669","12544556385.328441568"
"punjab",2019,1,"7172137","13574490001.853166199"
"kerala",2019,1,"6469039","10235031134.849678532"
"uttarakhand",2019,1,"5546001","7183529175.27394830"
"assam",2019,1,"4533005","8002099536.4508519205"
"jammu-&-kashmir",2019,1,"3584987","5951835476.521016012"
"himachal-pradesh",2019,1,"2168718","3381481442.9910522967"
"chandigarh",2019,1,"1274476","2396032050.4440286266"
"goa",2019,1,"738812","1475323397.2765767595"
"dadra-&-nagar-haveli-&-daman-&-diu",2019,1,"661814","843369776.0499005491"
"tripura",2019,1,"580926","756894941.61582014067"
"puducherry",2019,1,"501092","906473024.306521832"
"manipur",2019,1,"265409","659898060.42407915048"
"sikkim",2019,1,"240287","457993634.38409389205"
"arunachal-pradesh",2019,1,"226506","609950106.31394966265"
"meghalaya",2019,1,"208741","399037162.153435020045"
"nagaland",2019,1,"168579","441941712.41233011634"
"mizoram",2019,1,"70306","218160895.39740252777"
"ladakh",2019,1,"46145","152859920.94912718405"
"andaman-&-nicobar-islands",2019,1,"30486","102299740.67348987029"
"lakshadweep",2019,1,"2481","8786130.47933899424"
"karnataka",2019,2,"115401604","163702024226.084276035"
"maharashtra",2019,2,"101149853","153294470088.05833801"
"telangana",2019,2,"89610379","155676443182.43510909"
"uttar-pradesh",2019,2,"58883500","98917519370.675694394"
"delhi",2019,2,"57171512","81706816063.62829871"
"andhra-pradesh",2019,2,"56409015","113634518758.229966537"
"rajasthan",2019,2,"50009286","89107313172.665433935"
"west-bengal",2019,2,"47023535","57105691119.11872400"
"madhya-pradesh",2019,2,"40846013","68334566380.557875467"
"tamil-nadu",2019,2,"32171737","64207676025.757674832"
"bihar",2019,2,"29960479","63132438283.54189414"
"odisha",2019,2,"29512024","44754854871.67384438"
"gujarat",2019,2,"28981842","49320615219.267464132"
"haryana",2019,2,"22741816","42501539813.216210818"
"jharkhand",2019,2,"10128211","18622701305.54632074"
"chhattisgarh",2019,2,"9389945","17002355688.82229529"
"punjab",2019,2,"8509830","18614793394.772316579"
"kerala",2019,2,"7283826","13031371561.185545114"
"assam",2019,2,"5454929","10954969189.126210084"
"uttarakhand",2019,2,"4813275","8588532850.9184907117"
"himachal-pradesh",2019,2,"2502306","4875883973.6105993057"
"jammu-&-kashmir",2019,2,"2296355","6100142201.563505754"
"chandigarh",2019,2,"1252470","2693116098.944455990"
"goa",2019,2,"768441","1591867103.3876161027"
"puducherry",2019,2,"580077","1211446910.1278074321"
"tripura",2019,2,"532558","841821482.8473771987"
"dadra-&-nagar-haveli-&-daman-&-diu",2019,2,"489656","824441276.56507085898"
"sikkim",2019,2,"388244","738894243.43594121385"
"arunachal-pradesh",2019,2,"258656","752655874.3550281661"
"manipur",2019,2,"257425","722789942.14950027564"
"meghalaya",2019,2,"232286","492931289.10727894128"
"nagaland",2019,2,"188753","520066682.15850433968"
"mizoram",2019,2,"75671","248016708.135014306509"
"ladakh",2019,2,"68772","259255506.99742497416"
"andaman-&-nicobar-islands",2019,2,"33689","120254709.67566317767"
"lakshadweep",2019,2,"2926","9242524.13698888819"
"karnataka",2019,3,"170733735","214536720438.188456016"
"maharashtra",2019,3,"148735581","199617506744.95090031"
"telangana",2019,3,"121495376","201930021130.42596018"
"andhra-pradesh",2019,3,"76288614","139447944254.793933203"
"delhi",2019,3,"69537876","103196812046.456866105"
"uttar-pradesh",2019,3,"68623959","111268137475.04972625"
"rajasthan",2019,3,"67303617","112468290031.93027455"
"west-bengal",2019,3,"66444829","70540532616.83047261"
"madhya-pradesh",2019,3,"53610411","77676321491.24330902"
"odisha",2019,3,"41422272","57304577359.223222774"
"tamil-nadu",2019,3,"41410183","78959604643.638421334"
"gujarat",2019,3,"38228649","59462694964.267799447"
"bihar",2019,3,"32139900","67692783254.27891873"
"haryana",2019,3,"30343531","52489119199.442035394"
"jharkhand",2019,3,"14220647","21465973993.3591410"
"chhattisgarh",2019,3,"12243111","19803259167.453527415"
"punjab",2019,3,"10706812","22905815605.843339416"
"kerala",2019,3,"9286096","16429809722.064485468"
"assam",2019,3,"5942571","12950443620.426497716"
"uttarakhand",2019,3,"5710476","9729032070.017324922"
"himachal-pradesh",2019,3,"2735180","5572018781.1233352326"
"chandigarh",2019,3,"1506543","3269682087.660840833"
"jammu-&-kashmir",2019,3,"1116526","3744230491.7824683152"
"goa",2019,3,"1092416","2000367191.4968416024"
"puducherry",2019,3,"716826","1460708357.4554108939"
"tripura",2019,3,"711717","1017377422.8172246354"
"dadra-&-nagar-haveli-&-daman-&-diu",2019,3,"638751","961471473.84837199094"
"sikkim",2019,3,"552436","884716448.4404283085"
"arunachal-pradesh",2019,3,"370234","912645034.79587028835"
"manipur",2019,3,"345008","863552002.5629343821"
"meghalaya",2019,3,"306550","612218602.1535332154"
"nagaland",2019,3,"261878","650956471.71341148946"
"mizoram",2019,3,"98094","278793899.95134216609"
"ladakh",2019,3,"92396","331129527.19382229054"
"andaman-&-nicobar-islands",2019,3,"33770","114071776.08729392938"
"lakshadweep",2019,3,"3104","9651761.463768470205"
"karnataka",2019,4,"237796252","295047143447.23227437"
"maharashtra",2019,4,"201260620","272994428799.550418255"
"telangana",2019,4,"163572258","280746765547.743906934"
"andhra-pradesh",2019,4,"107218103","200948315488.791166923"
"west-bengal",2019,4,"96805838","88203610254.64673392"
"uttar-pradesh",2019,4,"86905005","145538926507.29606911"
"rajasthan",2019,4,"85074242","159452410049.67043061"
"delhi",2019,4,"80744997","129024467424.890702326"
"madhya-pradesh",2019,4,"68131989","104687926790.858228638"
"odisha",2019,4,"64995633","79769373632.05054838"
"tamil-nadu",2019,4,"56596411","103190865512.54332921"
"bihar",2019,4,"43530314","93313426577.809282427"
"gujarat",2019,4,"42547632","76690662054.91406684"
"haryana",2019,4,"37825985","69359719869.101286863"
"jharkhand",2019,4,"18248618","28147748376.677117536"
"chhattisgarh",2019,4,"16305758","27143788737.213387746"
"punjab",2019,4,"13698625","29989802246.192447725"
"kerala",2019,4,"12498637","21151326637.804747857"
"uttarakhand",2019,4,"7362116","12573706305.1507821233"
"assam",2019,4,"6760510","15281983895.5120746254"
"himachal-pradesh",2019,4,"3516646","7271163537.2481820214"
"chandigarh",2019,4,"1850915","4152513817.9393509765"
"goa",2019,4,"1515272","2923460348.4994676878"
"puducherry",2019,4,"1012655","1932028317.8789026935"
"tripura",2019,4,"801824","1215400160.25818950313"
"dadra-&-nagar-haveli-&-daman-&-diu",2019,4,"768971","1226641262.01104030114"
"sikkim",2019,4,"767070","1176509601.6562177219"
"jammu-&-kashmir",2019,4,"489928","1929695997.8225971046"
"arunachal-pradesh",2019,4,"459475","1190573179.5272826439"
"manipur",2019,4,"449344","1200897682.0886364341"
"meghalaya",2019,4,"365981","742436471.79021885248"
"nagaland",2019,4,"317170","834537138.3487750470"
"mizoram",2019,4,"125239","368689350.6344884468"
"ladakh",2019,4,"84706","324689360.02811157877"
"andaman-&-nicobar-islands",2019,4,"35159","136838530.5173778948"
"lakshadweep",2019,4,"3765","11269913.40492385276656"
"karnataka",2020,1,"271033890","353402054999.3977793"
"maharashtra",2020,1,"238944081","319995196718.0955102"
"telangana",2020,1,"199409525","371343780368.21611747"
"andhra-pradesh",2020,1,"127677357","252737214289.062797515"
"rajasthan",2020,1,"102258812","190308238561.00807177"
"uttar-pradesh",2020,1,"97239132","172416434960.698667045"
"delhi",2020,1,"81747604","133616543642.59007317"
"madhya-pradesh",2020,1,"79366746","126737281436.194225774"
"tamil-nadu",2020,1,"66953473","116569686179.440374865"
"west-bengal",2020,1,"66250381","96653305190.93817569"
"odisha",2020,1,"53682307","91956798199.333154494"
"gujarat",2020,1,"47326417","86995076621.90312152"
"bihar",2020,1,"45081815","109256853527.246086445"
"haryana",2020,1,"44036087","81976214558.24407225"
"chhattisgarh",2020,1,"19523991","32860597671.356230386"
"jharkhand",2020,1,"18282713","33611232153.268801634"
"kerala",2020,1,"15733522","26451084830.934253386"
"punjab",2020,1,"15217784","31374185265.899666832"
"uttarakhand",2020,1,"9131784","16158080258.987571561"
"assam",2020,1,"8808860","20668428347.729243706"
"himachal-pradesh",2020,1,"4144480","7419466751.1226869466"
"chandigarh",2020,1,"2262511","5126453070.0162000207"
"goa",2020,1,"1881237","3410371231.9237624902"
"puducherry",2020,1,"1207921","2205277477.0795833104"
"tripura",2020,1,"924502","1588778806.3885024285"
"jammu-&-kashmir",2020,1,"921630","2937643176.5340167155"
"dadra-&-nagar-haveli-&-daman-&-diu",2020,1,"878579","1342763369.2925178523"
"manipur",2020,1,"818801","2598590380.8769433720"
"arunachal-pradesh",2020,1,"567175","1381758681.33014683363"
"sikkim",2020,1,"528118","1053476271.94440209547"
"meghalaya",2020,1,"502283","1120134840.90781409066"
"nagaland",2020,1,"378051","894780028.73437000346"
"mizoram",2020,1,"153609","392077579.3496370621"
"ladakh",2020,1,"116419","377639677.4457435153"
"andaman-&-nicobar-islands",2020,1,"41298","161476312.29727463887"
"lakshadweep",2020,1,"5151","13502368.574504207914"
"karnataka",2020,2,"213221712","321104877020.1379404"
"maharashtra",2020,2,"184790761","296359517159.4149106"
"telangana",2020,2,"152055143","321531839352.43094092"
"andhra-pradesh",2020,2,"144917855","302583689746.56375313"
"rajasthan",2020,2,"101954656","193763273003.26537148"
"uttar-pradesh",2020,2,"100851965","178744016130.28819042"
"madhya-pradesh",2020,2,"76340573","147922015289.06244186"
"delhi",2020,2,"66042018","107873438203.33102441"
"west-bengal",2020,2,"57676797","100099431877.35534232"
"bihar",2020,2,"53386742","128806523628.84400737"
"tamil-nadu",2020,2,"51870110","95826508896.82854790"
"odisha",2020,2,"50028576","91733036612.096547415"
"gujarat",2020,2,"47420185","80387846359.490630305"
"haryana",2020,2,"41781050","80711264923.94069368"
"jharkhand",2020,2,"20141511","37486201975.92359764"
"chhattisgarh",2020,2,"18820925","32268382206.901354376"
"kerala",2020,2,"16287967","25894078478.600195463"
"punjab",2020,2,"14081294","30284654252.213645534"
"assam",2020,2,"10505199","19766300125.919446960"
"uttarakhand",2020,2,"9047770","16094187702.101018506"
"himachal-pradesh",2020,2,"4695730","8036904762.543935429"
"jammu-&-kashmir",2020,2,"2635006","8265648939.258548418"
"chandigarh",2020,2,"1528010","3847015729.6900752726"
"goa",2020,2,"1482092","2183616430.016771877"
"manipur",2020,2,"1083068","3198936212.8055110975"
"tripura",2020,2,"1052520","1769175883.5859622828"
"puducherry",2020,2,"1033383","1960030980.4875911274"
"dadra-&-nagar-haveli-&-daman-&-diu",2020,2,"973152","1302376453.8880579046"
"arunachal-pradesh",2020,2,"808774","1826716832.9849633859"
"meghalaya",2020,2,"635395","1153735154.338396934"
"sikkim",2020,2,"517731","1054618788.2612664453"
"nagaland",2020,2,"517566","1137674504.3478007270"
"mizoram",2020,2,"198462","457193433.44231823286"
"ladakh",2020,2,"155010","523792998.65202434353"
"andaman-&-nicobar-islands",2020,2,"62962","169645001.4141470669"
"lakshadweep",2020,2,"7220","16942922.085944397674"
"karnataka",2020,3,"300360531","470740515696.6816798"
"maharashtra",2020,3,"268310924","440307079012.44499906"
"telangana",2020,3,"236372126","505961144755.86990181"
"andhra-pradesh",2020,3,"204902935","467084130584.90837476"
"rajasthan",2020,3,"149088676","293678306162.45802211"
"uttar-pradesh",2020,3,"127405259","248689955423.06284658"
"madhya-pradesh",2020,3,"108579881","205701679984.53811291"
"delhi",2020,3,"96491861","175163962804.6606164"
"west-bengal",2020,3,"79954504","156813355855.14107350"
"bihar",2020,3,"71503748","173328865111.81839405"
"tamil-nadu",2020,3,"70277825","143841415498.66409260"
"odisha",2020,3,"66033829","122463943804.29266165"
"gujarat",2020,3,"59290179","111921752484.71221093"
"haryana",2020,3,"57938179","109567950445.73077838"
"jharkhand",2020,3,"27068473","50622615820.013642456"
"chhattisgarh",2020,3,"24148539","41526744807.53408214"
"kerala",2020,3,"21758680","40164150651.95419359"
"punjab",2020,3,"17209573","40123092147.813388544"
"assam",2020,3,"12397711","29831391259.544068544"
"uttarakhand",2020,3,"11818935","22103510968.006535153"
"himachal-pradesh",2020,3,"5489876","10516054014.086982020"
"jammu-&-kashmir",2020,3,"3465898","11977229760.872473401"
"chandigarh",2020,3,"2158086","5089809353.365071305"
"goa",2020,3,"1915531","3368343580.944660386"
"puducherry",2020,3,"1730902","3598080229.4346031613"
"manipur",2020,3,"1420168","4615976120.8705057625"
"tripura",2020,3,"1317885","2341819516.2158839655"
"dadra-&-nagar-haveli-&-daman-&-diu",2020,3,"1138312","1749789114.9993623792"
"arunachal-pradesh",2020,3,"962827","2609938565.5582172647"
"nagaland",2020,3,"736319","2009649143.1547950407"
"meghalaya",2020,3,"597579","1237059001.3830346512"
"sikkim",2020,3,"596435","1400926728.6603987766"
"mizoram",2020,3,"254703","707944175.5046004852"
"ladakh",2020,3,"228222","835487500.0581932327"
"andaman-&-nicobar-islands",2020,3,"117483","338019446.3303604406"
"lakshadweep",2020,3,"8589","21306833.30865683342"
"karnataka",2020,4,"431536984","658036698565.01836337"
"maharashtra",2020,4,"407621004","622155530832.2941778"
"telangana",2020,4,"343643787","696350439226.95698301"
"andhra-pradesh",2020,4,"286118552","654841546033.33098191"
"rajasthan",2020,4,"190283435","386034779836.50434457"
"uttar-pradesh",2020,4,"178167517","357428826778.26789155"
"madhya-pradesh",2020,4,"153652541","284275139772.37137864"
"delhi",2020,4,"120540417","216265088224.54349638"
"tamil-nadu",2020,4,"111179701","206473197500.99473919"
"west-bengal",2020,4,"100340645","199165491365.64814644"
"bihar",2020,4,"96591673","238905613136.47277240"
"odisha",2020,4,"92324950","178302663014.61725064"
"haryana",2020,4,"83171439","159998504366.54177938"
"gujarat",2020,4,"77828547","148393060112.43923368"
"jharkhand",2020,4,"39431633","72805174830.043555516"
"chhattisgarh",2020,4,"35529636","62214974283.94856362"
"kerala",2020,4,"33288187","56755256647.01138606"
"punjab",2020,4,"22997925","53775406479.555016846"
"uttarakhand",2020,4,"17613271","31792739329.110384167"
"assam",2020,4,"15423454","40226611319.264210923"
"himachal-pradesh",2020,4,"7272328","13989053108.812903903"
"jammu-&-kashmir",2020,4,"5754444","15380905803.378202311"
"goa",2020,4,"3801381","6899792747.579934037"
"chandigarh",2020,4,"2912716","6146762901.349342712"
"puducherry",2020,4,"2716003","4930526217.671205975"
"dadra-&-nagar-haveli-&-daman-&-diu",2020,4,"1817791","2700511100.8285053976"
"tripura",2020,4,"1651890","3182130996.221308721"
"manipur",2020,4,"1627852","5602224558.4587542187"
"arunachal-pradesh",2020,4,"1209129","3570264021.8456189994"
"nagaland",2020,4,"847825","2773084870.5626857174"
"meghalaya",2020,4,"754008","1804242572.198970514"
"sikkim",2020,4,"735035","1919275805.122923429"
"ladakh",2020,4,"332134","1111963470.5079603117"
"mizoram",2020,4,"322607","986522115.6939577439"
"andaman-&-nicobar-islands",2020,4,"224531","627282656.3148524903"
"lakshadweep",2020,4,"11650","30111317.91708038776"
"karnataka",2021,1,"523797492","754995357412.39324919"
"maharashtra",2021,1,"517860240","769887352153.25015854"
"telangana",2021,1,"412572110","799359264046.58960123"
"andhra-pradesh",2021,1,"289747970","672444670176.61617784"
"rajasthan",2021,1,"252730919","491492581657.64538265"
"uttar-pradesh",2021,1,"204499547","396287587577.5660547"
"madhya-pradesh",2021,1,"201998498","343533954382.2885541"
"delhi",2021,1,"157359004","266928345043.49262535"
"tamil-nadu",2021,1,"136556674","248668143873.65066126"
"west-bengal",2021,1,"118254052","242937207475.52193012"
"bihar",2021,1,"114932477","280973649701.22808163"
"odisha",2021,1,"111460358","213397736188.34086817"
"gujarat",2021,1,"94774565","183700780713.45039302"
"haryana",2021,1,"90252784","168938301082.42836911"
"jharkhand",2021,1,"44621663","83749353123.13959631"
"kerala",2021,1,"42316342","69260970161.89461692"
"chhattisgarh",2021,1,"39436437","69409843261.55156213"
"punjab",2021,1,"26770835","58690887091.10669042"
"uttarakhand",2021,1,"20608402","36288189399.89842285"
"assam",2021,1,"19512060","51326464546.12237517"
"himachal-pradesh",2021,1,"7614029","14120546909.487528021"
"jammu-&-kashmir",2021,1,"6997570","17138349893.151728515"
"goa",2021,1,"5331549","9757242879.021425423"
"chandigarh",2021,1,"3970237","7596420859.545995919"
"puducherry",2021,1,"3309432","5899309571.743650658"
"manipur",2021,1,"2303535","7070287514.4792427675"
"dadra-&-nagar-haveli-&-daman-&-diu",2021,1,"1925244","2965632911.1935047858"
"tripura",2021,1,"1511423","3335341569.793421692"
"arunachal-pradesh",2021,1,"1177456","3813779079.0166438279"
"nagaland",2021,1,"975897","3107450484.613199041"
"sikkim",2021,1,"800189","2217667726.8407248017"
"meghalaya",2021,1,"747646","2055515277.9898358824"
"mizoram",2021,1,"329575","1101105586.9459377229"
"ladakh",2021,1,"275415","983419813.2468792368"
"andaman-&-nicobar-islands",2021,1,"244752","783706567.3897556333"
"lakshadweep",2021,1,"9085","27042782.914081152345"
"maharashtra",2021,2,"573616486","915115055623.7015894"
"karnataka",2021,2,"530649046","837887151230.04931347"
"telangana",2021,2,"495867544","1027958332797.58387245"
"andhra-pradesh",2021,2,"352767134","850737499108.24530337"
"rajasthan",2021,2,"287477039","561702765169.24451898"
"uttar-pradesh",2021,2,"241949131","482172489166.38627663"
"madhya-pradesh",2021,2,"223314680","425500768035.62481951"
"delhi",2021,2,"170157264","281941097684.54139343"
"bihar",2021,2,"155603622","374580255186.57890561"
"tamil-nadu",2021,2,"146158442","263487341026.55191284"
"west-bengal",2021,2,"141897437","279434811058.5639351"
"odisha",2021,2,"131824337","245864117477.27437986"
"gujarat",2021,2,"111841396","210162054552.11709048"
"haryana",2021,2,"105680856","200357354238.68403684"
"jharkhand",2021,2,"54002145","104432643311.45796586"
"kerala",2021,2,"47191033","74226806436.15651047"
"chhattisgarh",2021,2,"44689420","78728771259.22602643"
"punjab",2021,2,"32171248","69531058562.61518319"
"assam",2021,2,"25432905","59192473376.663827941"
"uttarakhand",2021,2,"24000432","40990817874.838228005"
"jammu-&-kashmir",2021,2,"10027819","22813755428.591642688"
"himachal-pradesh",2021,2,"9483902","16495634539.809226567"
"goa",2021,2,"4710135","8012853587.076005758"
"chandigarh",2021,2,"4417547","8417673939.936105111"
"puducherry",2021,2,"3751387","6498834696.543893462"
"manipur",2021,2,"3086275","7889827962.396641195"
"dadra-&-nagar-haveli-&-daman-&-diu",2021,2,"2125083","3157668461.4189041824"
"tripura",2021,2,"1744429","3468154361.0362734195"
"arunachal-pradesh",2021,2,"1568338","4456425616.9943817719"
"nagaland",2021,2,"1130791","3156293963.7818686408"
"sikkim",2021,2,"976714","2424899579.6752991203"
"meghalaya",2021,2,"909594","2193617254.8905991775"
"ladakh",2021,2,"399716","1427259095.4703196341"
"mizoram",2021,2,"394340","1122874473.3020927609"
"andaman-&-nicobar-islands",2021,2,"341414","899147016.1122960300"
"lakshadweep",2021,2,"11384","27383463.657951531369"
"maharashtra",2021,3,"792874060","1159257305167.4439017"
"karnataka",2021,3,"753296539","1133234739157.5893857"
"telangana",2021,3,"622886768","1178289126292.2538533"
"andhra-pradesh",2021,3,"432032550","984218035564.11644939"
"rajasthan",2021,3,"400284753","710511328542.48481023"
"madhya-pradesh",2021,3,"311443334","504412603851.53640457"
"uttar-pradesh",2021,3,"306543384","557080841279.9348197"
"delhi",2021,3,"238760608","383858316548.28117084"
"tamil-nadu",2021,3,"204357404","365207323053.9333755"
"bihar",2021,3,"187671113","397062760956.41203372"
"west-bengal",2021,3,"181712988","362457066256.51232697"
"odisha",2021,3,"177362674","303780718933.04140797"
"gujarat",2021,3,"149248407","272624626113.58827456"
"haryana",2021,3,"140459693","240827092259.20917783"
"jharkhand",2021,3,"70795702","121891015118.85305023"
"chhattisgarh",2021,3,"64237938","104606108262.77672885"
"kerala",2021,3,"63028266","101686161773.12962142"
"punjab",2021,3,"42533489","85992560840.612195884"
"assam",2021,3,"33504441","75700499273.307638615"
"uttarakhand",2021,3,"31042284","50527496783.56442987"
"jammu-&-kashmir",2021,3,"13151041","31598443648.032123767"
"himachal-pradesh",2021,3,"12064167","21310262071.128038649"
"chandigarh",2021,3,"6649378","11815883004.693303890"
"goa",2021,3,"6467763","10478425592.936368637"
"puducherry",2021,3,"5121726","8729974431.014469159"
"manipur",2021,3,"3941396","10406861028.904853689"
"dadra-&-nagar-haveli-&-daman-&-diu",2021,3,"3129470","4305939102.791506948"
"tripura",2021,3,"2081200","4364133768.181475031"
"arunachal-pradesh",2021,3,"1906967","5678124175.2988196061"
"nagaland",2021,3,"1356792","3987416848.0054479064"
"sikkim",2021,3,"1160594","2989336863.8083931130"
"meghalaya",2021,3,"1097731","2769000451.5279705405"
"ladakh",2021,3,"590987","2213984743.9345883089"
"mizoram",2021,3,"478529","1473748650.2119513795"
"andaman-&-nicobar-islands",2021,3,"449764","1310024395.8016035192"
"lakshadweep",2021,3,"13370","38803163.69876814204"
"maharashtra",2021,4,"1010731502","1475358473128.5006993"
"karnataka",2021,4,"931725438","1375471324349.8734245"
"telangana",2021,4,"775989773","1463758189500.9098979"
"andhra-pradesh",2021,4,"522254003","1156264447083.9800653"
"rajasthan",2021,4,"487621597","903934418544.3161319"
"uttar-pradesh",2021,4,"406157932","773890970072.22331845"
"madhya-pradesh",2021,4,"404308084","656887492404.50601297"
"delhi",2021,4,"292683359","488695314062.39123265"
"tamil-nadu",2021,4,"259155976","443723952594.80251526"
"bihar",2021,4,"245126945","519371614068.76184788"
"odisha",2021,4,"233925366","385251049689.91930746"
"west-bengal",2021,4,"225029560","462218037262.0970242"
"gujarat",2021,4,"182987325","342382580053.6277944"
"haryana",2021,4,"169686975","309240599300.46064822"
"jharkhand",2021,4,"96009042","166017119003.70592404"
"chhattisgarh",2021,4,"84717494","136399110518.812827575"
"kerala",2021,4,"81823741","123342136943.36370064"
"punjab",2021,4,"52359360","110710126241.99956742"
"assam",2021,4,"46020361","104184967893.215434896"
"uttarakhand",2021,4,"40361280","66148108159.421122844"
"jammu-&-kashmir",2021,4,"16790628","38926237425.77167016"
"himachal-pradesh",2021,4,"14666864","26136220500.625820302"
"goa",2021,4,"11088759","18627257115.86965363"
"chandigarh",2021,4,"7898903","14373583510.618455497"
"puducherry",2021,4,"6368810","10423651801.23051307"
"manipur",2021,4,"4687439","12658472038.211835000"
"dadra-&-nagar-haveli-&-daman-&-diu",2021,4,"4157085","5565839386.3306603684"
"tripura",2021,4,"2520693","5496929464.2994475525"
"arunachal-pradesh",2021,4,"2390598","6943510352.6113480048"
"nagaland",2021,4,"1631483","4939083784.1364765426"
"sikkim",2021,4,"1584345","4196783261.6358077566"
"meghalaya",2021,4,"1440193","3848765400.1861542718"
"andaman-&-nicobar-islands",2021,4,"636123","1932610101.323657342"
"ladakh",2021,4,"630187","2153535138.7802668195"
"mizoram",2021,4,"553329","1770665741.523041384"
"lakshadweep",2021,4,"15470","50998185.528381011568"
"maharashtra",2022,1,"1169506438","1681399273981.1344034"
"karnataka",2022,1,"1057855407","1566649488305.8817681"
"telangana",2022,1,"886453385","1670638169828.9746885"
"andhra-pradesh",2022,1,"582603911","1294320646554.87629539"
"rajasthan",2022,1,"564962220","1022050180980.12915754"
"uttar-pradesh",2022,1,"473953246","883123174117.0260057"
"madhya-pradesh",2022,1,"472703058","747665139599.64757768"
"delhi",2022,1,"330999861","536964920836.28877633"
"tamil-nadu",2022,1,"294573150","512789201600.6325184"
"bihar",2022,1,"284390434","611411695731.14586074"
"odisha",2022,1,"263633499","451227311779.82386815"
"west-bengal",2022,1,"260505092","551426663209.56210338"
"gujarat",2022,1,"210547146","392548092253.54793702"
"haryana",2022,1,"191988609","341304042652.77710029"
"jharkhand",2022,1,"110911210","194700207087.16720875"
"chhattisgarh",2022,1,"97413292","157847045454.834509114"
"kerala",2022,1,"95280965","139988942464.69408615"
"assam",2022,1,"58889886","132280437892.70285968"
"punjab",2022,1,"57758302","118389978105.96285247"
"uttarakhand",2022,1,"44560772","70978782500.07464348"
"jammu-&-kashmir",2022,1,"16245311","33147863626.159068165"
"himachal-pradesh",2022,1,"16088180","26518447439.932809617"
"goa",2022,1,"12214098","19816445402.846113134"
"chandigarh",2022,1,"8600491","15174991549.839999274"
"puducherry",2022,1,"7359176","12083474905.386655581"
"manipur",2022,1,"5313679","14144501078.373815106"
"dadra-&-nagar-haveli-&-daman-&-diu",2022,1,"4802803","6237048367.2623904144"
"tripura",2022,1,"2871190","6247329764.3498440635"
"arunachal-pradesh",2022,1,"2804068","7828091628.087365443"
"nagaland",2022,1,"1925952","5544951708.895756060"
"sikkim",2022,1,"1744302","4367431275.8634251546"
"meghalaya",2022,1,"1674750","4662338331.3318940234"
"andaman-&-nicobar-islands",2022,1,"794748","2129030202.0751671372"
"ladakh",2022,1,"630015","2025040918.8422089794"
"mizoram",2022,1,"604917","1945158963.611245940"
"lakshadweep",2022,1,"16397","54939432.65393006578"
"maharashtra",2022,2,"1407533113","2006272382175.8888706"
"karnataka",2022,2,"1277448960","1867146114059.2335829"
"telangana",2022,2,"1063382557","1951414544517.0774368"
"andhra-pradesh",2022,2,"671134030","1479853948202.93349632"
"rajasthan",2022,2,"661170150","1152833518600.39197892"
"uttar-pradesh",2022,2,"595298776","1067515182420.0088378"
"madhya-pradesh",2022,2,"544899829","867024737328.58571898"
"delhi",2022,2,"410634184","629855650458.21687432"
"bihar",2022,2,"360145029","754461454966.14013906"
"tamil-nadu",2022,2,"354506937","590134727678.39650838"
"west-bengal",2022,2,"315742141","648575179584.24548140"
"odisha",2022,2,"313451598","510035012340.02727586"
"gujarat",2022,2,"252052796","446798000976.8455421"
"haryana",2022,2,"234699962","395234035249.50635473"
"jharkhand",2022,2,"132925275","225636227828.137798355"
"chhattisgarh",2022,2,"116584048","181181677163.78122853"
"kerala",2022,2,"106365322","154696329549.12446838"
"assam",2022,2,"76334725","153111042086.78344259"
"punjab",2022,2,"72272823","137345426369.22704811"
"uttarakhand",2022,2,"58166878","88313371025.33424313"
"jammu-&-kashmir",2022,2,"23813747","46254290836.635593858"
"himachal-pradesh",2022,2,"21291371","33709107958.242293563"
"goa",2022,2,"14216054","22873037759.520199932"
"chandigarh",2022,2,"10772489","17283500158.370992289"
"puducherry",2022,2,"8643687","13778745255.768896057"
"manipur",2022,2,"6105632","14922910635.149308206"
"dadra-&-nagar-haveli-&-daman-&-diu",2022,2,"5759771","6995159780.8108386225"
"arunachal-pradesh",2022,2,"3556925","9131665374.2258654836"
"tripura",2022,2,"3418664","6878271042.035301350"
"sikkim",2022,2,"2322081","5611105670.3071375506"
"meghalaya",2022,2,"2044649","5281491421.884796572"
"nagaland",2022,2,"2031329","5740285349.0202808583"
"ladakh",2022,2,"1118073","3543318177.9962701876"
"andaman-&-nicobar-islands",2022,2,"1071217","2685920350.0802657751"
"mizoram",2022,2,"643977","2003186567.1089364430"
"lakshadweep",2022,2,"17569","55929601.98990568304"
"telangana",2022,3,"1628165401","2706325865752.07254054"
"maharashtra",2022,3,"1486389417","1947579187374.5469905"
"karnataka",2022,3,"1189761328","1665918232611.0237438"
"rajasthan",2022,3,"767541360","1238489256318.27682053"
"madhya-pradesh",2022,3,"731259559","1032908494249.66388057"
"uttar-pradesh",2022,3,"703589072","1121370050898.7758410"
"andhra-pradesh",2022,3,"642855035","1385077409712.14339935"
"delhi",2022,3,"475592161","677612647116.1162714"
"bihar",2022,3,"437367385","791446486557.9155752"
"tamil-nadu",2022,3,"393496175","631879220373.26843902"
"odisha",2022,3,"386687326","564545557340.54999690"
"west-bengal",2022,3,"356792388","704749898612.14414469"
"gujarat",2022,3,"303239732","497437502209.44943734"
"haryana",2022,3,"269361810","428054494578.02646287"
"chhattisgarh",2022,3,"158252587","220161558081.98897804"
"jharkhand",2022,3,"146815332","229412884063.95783895"
"kerala",2022,3,"119362904","162260419315.42950625"
"assam",2022,3,"86113811","161489079054.898527314"
"punjab",2022,3,"84177897","149319443006.35473141"
"uttarakhand",2022,3,"63996519","92641259938.36305395"
"himachal-pradesh",2022,3,"25164868","37380782688.540403687"
"jammu-&-kashmir",2022,3,"22534394","40963554502.24822761"
"chandigarh",2022,3,"13478173","20559757737.405849834"
"goa",2022,3,"13188687","19574265275.706329527"
"puducherry",2022,3,"7042727","10854317711.140948247"
"dadra-&-nagar-haveli-&-daman-&-diu",2022,3,"6465621","7520647359.499437665"
"manipur",2022,3,"6352742","15381430267.299723478"
"meghalaya",2022,3,"4359165","9603300797.1215485473"
"tripura",2022,3,"4256579","8648352804.911141133"
"arunachal-pradesh",2022,3,"3939418","9025110785.0486070755"
"sikkim",2022,3,"2396758","5162880543.8914584266"
"nagaland",2022,3,"1894113","5364400495.0508294820"
"andaman-&-nicobar-islands",2022,3,"1584379","3310631772.1373874246"
"ladakh",2022,3,"1190858","3605199350.3739046075"
"mizoram",2022,3,"659038","1946265612.0679540786"
"lakshadweep",2022,3,"15241","47580009.61750025926"
"telangana",2022,4,"1819506832","2978252562916.1470235"
"maharashtra",2022,4,"1688775272","2210470839617.1304315"
"karnataka",2022,4,"1378910371","1904516622907.6436438"
"madhya-pradesh",2022,4,"898828268","1302999857548.32378424"
"rajasthan",2022,4,"865574848","1456956699398.65726181"
"uttar-pradesh",2022,4,"836369071","1376378802069.51215635"
"andhra-pradesh",2022,4,"690017077","1424725083041.65606928"
"bihar",2022,4,"517084649","936012149674.8321099"
"delhi",2022,4,"515203457","744915016018.57590749"
"odisha",2022,4,"445714743","652217064524.00042585"
"tamil-nadu",2022,4,"436316636","675689667591.43809655"
"west-bengal",2022,4,"405847597","787775633607.24992922"
"gujarat",2022,4,"341156018","567918305336.53793888"
"haryana",2022,4,"296648365","490490659880.10355817"
"chhattisgarh",2022,4,"177960446","252519180810.47151853"
"jharkhand",2022,4,"175300092","277971737448.58139952"
"kerala",2022,4,"132960468","173559808599.70967011"
"assam",2022,4,"103981267","192653519187.54610953"
"punjab",2022,4,"91835180","168107427177.93901540"
"uttarakhand",2022,4,"77983880","115496046831.359339475"
"himachal-pradesh",2022,4,"28555136","41779343232.373683022"
"jammu-&-kashmir",2022,4,"27316158","44315295915.49385149"
"chandigarh",2022,4,"17904840","27879754566.939416704"
"goa",2022,4,"17192674","24924986371.339152131"
"puducherry",2022,4,"7556127","11142204877.174492980"
"dadra-&-nagar-haveli-&-daman-&-diu",2022,4,"7189585","8059640746.0811278578"
"manipur",2022,4,"6428670","15625956698.341482129"
"tripura",2022,4,"5198190","10452971818.154098492"
"arunachal-pradesh",2022,4,"4632709","9684909697.5022533670"
"meghalaya",2022,4,"3932448","8996541156.348654637"
"sikkim",2022,4,"3058339","6458385389.4198119485"
"nagaland",2022,4,"2476205","6969966384.3140459792"
"andaman-&-nicobar-islands",2022,4,"1987535","3984674404.4287866216"
"ladakh",2022,4,"1083372","2894477572.6789487666"
"mizoram",2022,4,"693774","2037911085.2630196248"
"lakshadweep",2022,4,"17147","54813873.61493624584"
"maharashtra",2023,1,"1848268499","2362285906059.0"
"karnataka",2023,1,"1844697189","2470227226317.0"
"telangana",2023,1,"1440331458","2372581734284.0"
"andhra-pradesh",2023,1,"1145532464","2249051316530.0"
"uttar-pradesh",2023,1,"1002557722","1636936265372.0"
"rajasthan",2023,1,"921096686","1554913375850.0"
"madhya-pradesh",2023,1,"734566970","1062026599901.0"
"bihar",2023,1,"547831195","1039276959944.0"
"odisha",2023,1,"482896088","753968977663.0"
"tamil-nadu",2023,1,"461212387","715583673518.0"
"west-bengal",2023,1,"459278344","896883182555.0"
"delhi",2023,1,"409753103","611403109580.0"
"haryana",2023,1,"381318464","591150623736.0"
"gujarat",2023,1,"362511326","597826188806.0"
"jharkhand",2023,1,"240458103","367371336021.0"
"chhattisgarh",2023,1,"214748957","301088936459.0"
"kerala",2023,1,"147621565","193637089677.0"
"assam",2023,1,"113760638","212354167087.0"
"punjab",2023,1,"96910821","175508676860.0"
"uttarakhand",2023,1,"79385675","107179907585.0"
"jammu-&-kashmir",2023,1,"38927244","55921747581.0"
"himachal-pradesh",2023,1,"27301726","37740947734.0"
"goa",2023,1,"24195070","35096965775.0"
"dadra-&-nagar-haveli-&-daman-&-diu",2023,1,"11803985","12614091200.0"
"puducherry",2023,1,"10144295","14222388506.0"
"chandigarh",2023,1,"9815605","12824894394.0"
"arunachal-pradesh",2023,1,"8042825","16394578454.0"
"tripura",2023,1,"7118687","13288282891.0"
"meghalaya",2023,1,"4164705","10084840615.0"
"sikkim",2023,1,"3396128","6762568022.0"
"manipur",2023,1,"3258383","8585564092.0"
"nagaland",2023,1,"2685570","7814397854.0"
"andaman-&-nicobar-islands",2023,1,"2276392","4461528587.0"
"ladakh",2023,1,"1567246","3849021298.0"
"mizoram",2023,1,"1052595","2955622739.0"
"lakshadweep",2023,1,"29520","85321961.0"
"karnataka",2023,2,"2067867526","2777599098830.0"
"maharashtra",2023,2,"2063717848","2606004606468.0"
"telangana",2023,2,"1665430971","2698149935008.0"
"andhra-pradesh",2023,2,"1305656964","2506039086916.0"
"uttar-pradesh",2023,2,"1211410582","1836622076526.0"
"rajasthan",2023,2,"1073459338","1698455586300.0"
"madhya-pradesh",2023,2,"848037060","1202440949508.0"
"bihar",2023,2,"683933094","1226046745390.0"
"west-bengal",2023,2,"545317686","1009315106972.0"
"odisha",2023,2,"544597829","799332054104.0"
"tamil-nadu",2023,2,"498429638","776362551015.0"
"delhi",2023,2,"482138998","661728515657.0"
"haryana",2023,2,"457536190","661742128636.0"
"gujarat",2023,2,"416922553","645407208525.0"
"jharkhand",2023,2,"289233893","422214727508.0"
"chhattisgarh",2023,2,"249931636","333156846754.0"
"kerala",2023,2,"156170617","207796670985.0"
"assam",2023,2,"138290953","235110788783.0"
"punjab",2023,2,"117290289","194181575454.0"
"uttarakhand",2023,2,"102758214","134072872398.0"
"jammu-&-kashmir",2023,2,"54588299","76530005380.0"
"himachal-pradesh",2023,2,"35061595","46875063718.0"
"goa",2023,2,"26530590","38412206943.0"
"dadra-&-nagar-haveli-&-daman-&-diu",2023,2,"13357115","13750538188.0"
"chandigarh",2023,2,"11553687","14414408750.0"
"puducherry",2023,2,"11130326","15386733257.0"
"arunachal-pradesh",2023,2,"10360488","19805698664.0"
"tripura",2023,2,"7929543","13919130082.0"
"meghalaya",2023,2,"5077212","11084506486.0"
"sikkim",2023,2,"4412967","8580350436.0"
"ladakh",2023,2,"2943815","7191103886.0"
"nagaland",2023,2,"2922001","8021399310.0"
"andaman-&-nicobar-islands",2023,2,"2707775","4990344236.0"
"manipur",2023,2,"1606271","4463876653.0"
"mizoram",2023,2,"1208930","3191806576.0"
"lakshadweep",2023,2,"34918","97987438.0"
"karnataka",2023,3,"2369262302","2985880895587.0"
"maharashtra",2023,3,"2290678587","2752172184241.0"
"telangana",2023,3,"1875045924","2870202901073.0"
"andhra-pradesh",2023,3,"1475164403","2653414098098.0"
"uttar-pradesh",2023,3,"1354622466","1861748362006.0"
"rajasthan",2023,3,"1237232167","1800225443616.0"
"madhya-pradesh",2023,3,"978812593","1237821998249.0"
"bihar",2023,3,"734238751","1148153363366.0"
"west-bengal",2023,3,"632093191","1071548606382.0"
"odisha",2023,3,"622397603","840298338124.0"
"tamil-nadu",2023,3,"556085008","833105264698.0"
"delhi",2023,3,"546706983","708199251438.0"
"haryana",2023,3,"501519478","677491980740.0"
"gujarat",2023,3,"479303590","707737036450.0"
"jharkhand",2023,3,"318237426","418384424020.0"
"chhattisgarh",2023,3,"283492657","350379679526.0"
"kerala",2023,3,"170658651","220332613329.0"
"assam",2023,3,"167575351","244058014402.0"
"punjab",2023,3,"132161181","205225582737.0"
"uttarakhand",2023,3,"106284687","128762398121.0"
"jammu-&-kashmir",2023,3,"63903579","86016148426.0"
"himachal-pradesh",2023,3,"33337054","41854571637.0"
"goa",2023,3,"26999728","37375179974.0"
"dadra-&-nagar-haveli-&-daman-&-diu",2023,3,"15370328","15096066463.0"
"chandigarh",2023,3,"13052165","15426783311.0"
"arunachal-pradesh",2023,3,"12802433","21127391086.0"
"puducherry",2023,3,"12379641","16444491839.0"
"tripura",2023,3,"9108762","15249223330.0"
"meghalaya",2023,3,"6029842","11406633080.0"
"sikkim",2023,3,"4804937","8107237421.0"
"ladakh",2023,3,"3621366","8250572243.0"
"nagaland",2023,3,"3422331","8616299673.0"
"andaman-&-nicobar-islands",2023,3,"3098376","5211596791.0"
"mizoram",2023,3,"1310413","3106130235.0"
"manipur",2023,3,"865478","3608286601.0"
"lakshadweep",2023,3,"43757","94527061.0"
"maharashtra",2023,4,"2572162725","3098014934958.0"
"karnataka",2023,4,"2564434164","3241376424383.0"
"telangana",2023,4,"2020822178","3116417474765.0"
"andhra-pradesh",2023,4,"1596987426","2802514977823.0"
"uttar-pradesh",2023,4,"1566705382","2257441161652.0"
"rajasthan",2023,4,"1349472154","2066379607801.0"
"madhya-pradesh",2023,4,"1102294613","1426502880687.0"
"bihar",2023,4,"924427274","1434735808415.0"
"west-bengal",2023,4,"737953238","1249394976078.0"
"odisha",2023,4,"732137476","978791865637.0"
"delhi",2023,4,"598150746","799649719349.0"
"tamil-nadu",2023,4,"593481381","872870665005.0"
"haryana",2023,4,"554748233","782270484600.0"
"gujarat",2023,4,"534115578","795087199074.0"
"jharkhand",2023,4,"374538362","498720104925.0"
"chhattisgarh",2023,4,"321876332","403985034545.0"
"assam",2023,4,"193752157","285603636931.0"
"kerala",2023,4,"179843093","224985321465.0"
"punjab",2023,4,"142228995","231139462165.0"
"uttarakhand",2023,4,"118071440","148083447262.0"
"jammu-&-kashmir",2023,4,"69167132","93070141760.0"
"himachal-pradesh",2023,4,"38651839","48280246564.0"
"goa",2023,4,"33460978","44287671557.0"
"dadra-&-nagar-haveli-&-daman-&-diu",2023,4,"18302373","17558059967.0"
"arunachal-pradesh",2023,4,"14617742","24128799794.0"
"chandigarh",2023,4,"13280078","16281223001.0"
"puducherry",2023,4,"12986163","17024510550.0"
"tripura",2023,4,"10140910","16819896794.0"
"meghalaya",2023,4,"7268384","13873058692.0"
"sikkim",2023,4,"4857324","8590608471.0"
"nagaland",2023,4,"3797179","9674575422.0"
"andaman-&-nicobar-islands",2023,4,"3695783","6269552499.0"
"ladakh",2023,4,"3150218","6942986945.0"
"manipur",2023,4,"2113200","6800325298.0"
"mizoram",2023,4,"1500728","3540840283.0"
"lakshadweep",2023,4,"63479","119831383.0"
"maharashtra",2024,1,"2835770481","3372898894856.0"
"karnataka",2024,1,"2796439155","3485248654506.0"
"telangana",2024,1,"2179385307","3203769301073.0"
"uttar-pradesh",2024,1,"1785296948","2477543106639.0"
"andhra-pradesh",2024,1,"1755428485","3012725669749.0"
"rajasthan",2024,1,"1599474007","2350500173790.0"
"madhya-pradesh",2024,1,"1286156614","1625420229864.0"
"bihar",2024,1,"1078734783","1637736864896.0"
"odisha",2024,1,"864178452","1156388722536.0"
"west-bengal",2024,1,"836408587","1422025506833.0"
"delhi",2024,1,"650734058","832514031113.0"
"tamil-nadu",2024,1,"640327197","913861111062.0"
"gujarat",2024,1,"606576671","871619464924.0"
"haryana",2024,1,"604293500","806788219232.0"
"jharkhand",2024,1,"426759095","559720237073.0"
"chhattisgarh",2024,1,"366176684","463009809901.0"
"assam",2024,1,"221525056","321183906030.0"
"kerala",2024,1,"181463966","227077974738.0"
"punjab",2024,1,"142537179","223303420322.0"
"uttarakhand",2024,1,"123234577","150276835263.0"
"jammu-&-kashmir",2024,1,"75116355","93960928941.0"
"himachal-pradesh",2024,1,"39520561","47884231339.0"
"goa",2024,1,"35013987","45351900260.0"
"dadra-&-nagar-haveli-&-daman-&-diu",2024,1,"21115009","19519196325.0"
"arunachal-pradesh",2024,1,"16406414","26047044476.0"
"puducherry",2024,1,"13446950","17386481977.0"
"chandigarh",2024,1,"13155173","15842176181.0"
"tripura",2024,1,"11042639","17752189374.0"
"meghalaya",2024,1,"8531262","15629304658.0"
"sikkim",2024,1,"5820146","9455721523.0"
"nagaland",2024,1,"4258924","10044915308.0"
"andaman-&-nicobar-islands",2024,1,"4184920","6859151835.0"
"manipur",2024,1,"3845564","9242973323.0"
"ladakh",2024,1,"2987101","6085390661.0"
"mizoram",2024,1,"1627016","3630096730.0"
"lakshadweep",2024,1,"81176","130052381.0"
"maharashtra",2024,2,"3063494802","3573189333587.0"
"karnataka",2024,2,"3042012848","3785034703438.0"
"telangana",2024,2,"2417264357","3461542433312.0"
"uttar-pradesh",2024,2,"2135538658","2704223360067.0"
"andhra-pradesh",2024,2,"1930122300","3181922420088.0"
"rajasthan",2024,2,"1818855106","2497094537924.0"
"madhya-pradesh",2024,2,"1435472057","1779679946627.0"
"bihar",2024,2,"1313888385","1886846564676.0"
"west-bengal",2024,2,"980480707","1547343815564.0"
"odisha",2024,2,"944027735","1164839284001.0"
"delhi",2024,2,"777540400","896917676180.0"
"haryana",2024,2,"738553925","905444595600.0"
"tamil-nadu",2024,2,"705083686","985151149866.0"
"gujarat",2024,2,"690395153","910625046933.0"
"jharkhand",2024,2,"499685871","620115922491.0"
"chhattisgarh",2024,2,"412047705","496313432419.0"
"assam",2024,2,"271327087","345308670210.0"
"kerala",2024,2,"194872467","242003822595.0"
"punjab",2024,2,"171946137","244435036984.0"
"uttarakhand",2024,2,"158564982","180612915790.0"
"jammu-&-kashmir",2024,2,"108179014","129061756911.0"
"himachal-pradesh",2024,2,"52583801","59849740702.0"
"goa",2024,2,"37000806","47454830712.0"
"dadra-&-nagar-haveli-&-daman-&-diu",2024,2,"23393115","20328992711.0"
"arunachal-pradesh",2024,2,"19478372","29706351630.0"
"chandigarh",2024,2,"15940973","17556903812.0"
"puducherry",2024,2,"14564895","18242009736.0"
"tripura",2024,2,"12787547","18137431068.0"
"meghalaya",2024,2,"11089661","16794614094.0"
"sikkim",2024,2,"7188322","11296518155.0"
"nagaland",2024,2,"5598700","11012913096.0"
"ladakh",2024,2,"5327359","10125723348.0"
"manipur",2024,2,"5063324","10898000793.0"
"andaman-&-nicobar-islands",2024,2,"4653224","7295780330.0"
"mizoram",2024,2,"1977079","3798477640.0"
"lakshadweep",2024,2,"109085","146212841.0"
"maharashtra",2024,3,"3287403995","3687268662139.0"
"karnataka",2024,3,"3261134095","3907202566484.0"
"telangana",2024,3,"2610137835","3551316976598.0"
"uttar-pradesh",2024,3,"2285955833","2717475205234.0"
"andhra-pradesh",2024,3,"2091371362","3226645607489.0"
"rajasthan",2024,3,"1935405035","2472257715905.0"
"madhya-pradesh",2024,3,"1537738457","1761082466531.0"
"bihar",2024,3,"1352876223","1780280473339.0"
"west-bengal",2024,3,"1084916445","1607643782237.0"
"odisha",2024,3,"1023940349","1177233944634.0"
"delhi",2024,3,"844844523","958203383588.0"
"haryana",2024,3,"794940220","923206681798.0"
"tamil-nadu",2024,3,"778536701","1050779594821.0"
"gujarat",2024,3,"757441250","963551388101.0"
"jharkhand",2024,3,"522575883","609909540592.0"
"chhattisgarh",2024,3,"443640102","497360133758.0"
"assam",2024,3,"295345591","333558308550.0"
"kerala",2024,3,"214695458","258302031309.0"
"punjab",2024,3,"187554720","256116156529.0"
"uttarakhand",2024,3,"159278815","173414867549.0"
"jammu-&-kashmir",2024,3,"119555288","144470345977.0"
"himachal-pradesh",2024,3,"49737549","56615941598.0"
"goa",2024,3,"36762111","45913528012.0"
"dadra-&-nagar-haveli-&-daman-&-diu",2024,3,"25446270","21564631566.0"
"arunachal-pradesh",2024,3,"24447142","31601956705.0"
"chandigarh",2024,3,"17708385","19259257876.0"
"puducherry",2024,3,"16008711","19535004396.0"
"tripura",2024,3,"14400581","19948846189.0"
"meghalaya",2024,3,"12110124","16292956696.0"
"sikkim",2024,3,"7713781","10569829072.0"
"nagaland",2024,3,"6981635","12281315168.0"
"ladakh",2024,3,"6913885","12652871712.0"
"manipur",2024,3,"5700096","11671516831.0"
"andaman-&-nicobar-islands",2024,3,"5279250","7663845009.0"
"mizoram",2024,3,"2360206","3923888231.0"
"lakshadweep",2024,3,"157478","192408087.0"
"maharashtra",2024,4,"3634231839","4151028450887.0"
"karnataka",2024,4,"3455056424","4151819803822.0"
"telangana",2024,4,"2822451603","3859050535418.0"
"uttar-pradesh",2024,4,"2544890265","3214106522459.0"
"andhra-pradesh",2024,4,"2296445544","3452015568966.0"
"rajasthan",2024,4,"2043469547","2793049371408.0"
"madhya-pradesh",2024,4,"1685401835","2003305068845.0"
"bihar",2024,4,"1559667675","2098927476047.0"
"west-bengal",2024,4,"1227135682","1810100029406.0"
"odisha",2024,4,"1143097568","1305457593239.0"
"delhi",2024,4,"910543082","1057060485903.0"
"haryana",2024,4,"841394290","1031959359354.0"
"gujarat",2024,4,"827374966","1076014501422.0"
"tamil-nadu",2024,4,"820423888","1087632875606.0"
"jharkhand",2024,4,"586904686","704010501034.0"
"chhattisgarh",2024,4,"500655404","576828444625.0"
"assam",2024,4,"332441531","382786405959.0"
"kerala",2024,4,"233112441","273639970566.0"
"punjab",2024,4,"199509220","289125652032.0"
"uttarakhand",2024,4,"171136132","194908790959.0"
"jammu-&-kashmir",2024,4,"126261217","160950980732.0"
"himachal-pradesh",2024,4,"53798398","63736996234.0"
"goa",2024,4,"46131536","56562589543.0"
"dadra-&-nagar-haveli-&-daman-&-diu",2024,4,"28463700","23945221461.0"
"arunachal-pradesh",2024,4,"26793457","35079886873.0"
"chandigarh",2024,4,"18528444","20501385889.0"
"puducherry",2024,4,"16559677","19965392547.0"
"tripura",2024,4,"15945159","22409905268.0"
"meghalaya",2024,4,"14166380","19674927433.0"
"sikkim",2024,4,"8916870","12641101398.0"
"nagaland",2024,4,"7921552","13959098676.0"
"andaman-&-nicobar-islands",2024,4,"6063900","8920944773.0"
"manipur",2024,4,"5750423","12061708556.0"
"ladakh",2024,4,"5711284","10854417654.0"
"mizoram",2024,4,"2702443","4461162922.0"
"lakshadweep",2024,4,"197777","247756681.0"
