"state_name","year","quarter","total_registered_users","total_app_opens"
"rajasthan",2024,3,"106749513","16005513099"
"madhya-pradesh",2024,3,"95292252","15941318562"
"uttar-pradesh",2024,4,"211422339","15242702823"
"maharashtra",2024,4,"215423415","15127261980"
"rajasthan",2024,2,"104320857","14886800754"
"madhya-pradesh",2024,2,"87973398","14633773299"
"rajasthan",2024,1,"100516542","14184355671"
"maharashtra",2024,3,"208923483","13713961416"
"madhya-pradesh",2024,1,"84715662","13186149561"
"rajasthan",2023,3,"92991546","13077920589"
"rajasthan",2023,2,"89236827","12099000864"
"rajasthan",2023,1,"85569093","11133997623"
"maharashtra",2023,4,"196266360","11082009465"
"uttar-pradesh",2023,4,"161399439","10862441832"
"madhya-pradesh",2023,3,"78327099","10485492504"
"uttar-pradesh",2024,2,"174597447","10220199444"
"maharashtra",2024,2,"211791669","10219920831"
"maharashtra",2023,2,"182300550","10091577990"
"rajasthan",2022,3,"78128844","9899363598"
"maharashtra",2024,1,"204050628","9680894229"
"maharashtra",2023,3,"189452991","9458954481"
"maharashtra",2023,1,"175412352","9432458775"
"uttar-pradesh",2024,1,"168086295","9339137652"
"karnataka",2024,4,"137752959","9274797018"
"karnataka",2022,4,"108245094","9034935033"
"maharashtra",2022,4,"167862084","8946608088"
"madhya-pradesh",2023,2,"75128790","8836886166"
"gujarat",2024,3,"87246324","8619250620"
"rajasthan",2022,2,"74148543","8314304841"
"rajasthan",2024,4,"110485125","8294232711"
"karnataka",2024,3,"133645173","8195178174"
"maharashtra",2022,3,"160297806","7915991136"
"madhya-pradesh",2023,1,"72008454","7764769221"
"rajasthan",2022,1,"70196571","7711819407"
"karnataka",2023,4,"126094188","7696618698"
"bihar",2024,4,"100035855","7583529774"
"karnataka",2023,2,"117366942","7564730295"
"uttar-pradesh",2024,3,"203766000","7537086552"
"karnataka",2023,1,"113044278","7494075864"
"maharashtra",2022,2,"152408358","7478838057"
"madhya-pradesh",2024,4,"98629980","7476311970"
"gujarat",2024,2,"85319655","7256992329"
"gujarat",2024,4,"89584923","7219272429"
"gujarat",2024,1,"82145916","7175400564"
"karnataka",2023,3,"121903170","6853167852"
"tamil-nadu",2024,4,"101899830","6689643516"
"karnataka",2024,2,"135871818","6585031254"
"karnataka",2024,1,"131004423","6558046506"
"maharashtra",2022,1,"144682890","6473308542"
"karnataka",2022,3,"103481982","6444049302"
"uttar-pradesh",2023,3,"155612796","6429578160"
"karnataka",2022,2,"98494341","6196079511"
"maharashtra",2021,4,"136447518","6095217744"
"madhya-pradesh",2022,3,"65652660","6079115247"
"telangana",2024,4,"95180568","6043777674"
"west-bengal",2024,4,"104250543","5984822289"
"gujarat",2023,4,"78937965","5850243195"
"karnataka",2021,4,"88378938","5824675539"
"rajasthan",2023,4,"96472044","5716936800"
"madhya-pradesh",2022,2,"62299251","5708598396"
"andhra-pradesh",2024,4,"89953293","5599079937"
"tamil-nadu",2023,4,"88358403","5493857376"
"bihar",2023,4,"77087568","5468212209"
"madhya-pradesh",2023,4,"81234216","5341646280"
"uttar-pradesh",2023,2,"149489499","5194802841"
"telangana",2022,4,"76969143","5193685539"
"assam",2024,2,"20303622","5184821604"
"karnataka",2022,1,"93601047","5181162135"
"uttar-pradesh",2022,4,"136945950","5046011373"
"gujarat",2023,3,"76150287","5037105429"
"madhya-pradesh",2022,1,"58968441","5034799425"
"andhra-pradesh",2022,4,"83334048","5020124406"
"andhra-pradesh",2024,3,"87435909","4981279308"
"odisha",2024,3,"53899944","4788437439"
"jharkhand",2024,2,"31505946","4749900411"
"maharashtra",2021,3,"127743651","4696112556"
"rajasthan",2022,4,"81767781","4612274772"
"telangana",2023,4,"89707908","4561286250"
"chhattisgarh",2024,2,"26114271","4449673146"
"chhattisgarh",2024,3,"30871506","4407660702"
"west-bengal",2023,4,"90193638","4402328877"
"andhra-pradesh",2021,4,"67467087","4343152803"
"andhra-pradesh",2023,1,"87197589","4326115260"
"odisha",2024,2,"54235866","4318114611"
"rajasthan",2021,3,"61498395","4288661475"
"andhra-pradesh",2023,2,"90720183","4283857302"
"telangana",2021,4,"62752947","4222798176"
"uttar-pradesh",2023,1,"143418147","4204031748"
"telangana",2024,3,"92328726","4191909738"
"jharkhand",2024,1,"30354447","4167260838"
"madhya-pradesh",2022,4,"68741772","4164848454"
"haryana",2024,4,"57153342","4145487423"
"assam",2024,1,"19530468","4143027996"
"andhra-pradesh",2022,2,"75471792","4136210568"
"karnataka",2021,3,"82842663","4100343261"
"andhra-pradesh",2022,3,"79488990","4071017109"
"telangana",2023,2,"83443899","4019903376"
"jharkhand",2024,3,"35313795","3990364320"
"andhra-pradesh",2023,4,"97976094","3930008877"
"telangana",2023,1,"80412777","3916969341"
"chhattisgarh",2024,1,"25182420","3872854296"
"telangana",2022,2,"69943089","3828778110"
"andhra-pradesh",2021,3,"63179694","3775610637"
"telangana",2022,3,"73518333","3766792932"
"andhra-pradesh",2022,1,"71573853","3764357919"
"odisha",2024,1,"52179498","3742053327"
"tamil-nadu",2024,3,"98895627","3712521615"
"tamil-nadu",2022,4,"75408336","3687562869"
"maharashtra",2021,2,"118994091","3624250776"
"rajasthan",2021,4,"65931606","3555372093"
"uttar-pradesh",2021,4,"109852965","3527771382"
"telangana",2022,1,"66451836","3506593572"
"andhra-pradesh",2023,3,"94481691","3472321491"
"tamil-nadu",2023,3,"85216308","3353159574"
"telangana",2021,3,"58845834","3322587591"
"maharashtra",2021,1,"111232611","3305929452"
"tamil-nadu",2024,1,"91916250","3267196686"
"karnataka",2021,1,"72287496","3254752155"
"andhra-pradesh",2024,1,"102026127","3240555309"
"rajasthan",2021,2,"56942955","3216273696"
"tamil-nadu",2024,2,"95456640","3215496255"
"andhra-pradesh",2024,2,"105911157","3183843246"
"gujarat",2023,2,"73190304","3172878045"
"karnataka",2021,2,"77253069","3153269142"
"andhra-pradesh",2021,2,"58862715","3134116308"
"uttar-pradesh",2022,3,"130613760","3107107191"
"odisha",2024,4,"55833588","3103170618"
"bihar",2024,2,"83359728","3102439521"
"jharkhand",2024,4,"36637263","3055994289"
"telangana",2024,2,"96696513","3023609448"
"odisha",2023,3,"48193377","3006690153"
"telangana",2023,3,"86690004","2981228415"
"tamil-nadu",2023,2,"81952797","2974835961"
"tamil-nadu",2023,1,"78811989","2967184950"
"assam",2023,3,"17995758","2888549739"
"andhra-pradesh",2021,1,"55091199","2873128341"
"madhya-pradesh",2021,4,"55368729","2869892343"
"delhi",2024,4,"56701464","2857669476"
"maharashtra",2020,4,"103297893","2856020310"
"chhattisgarh",2023,3,"23339931","2854760694"
"uttar-pradesh",2022,2,"123741867","2842441485"
"bihar",2024,1,"80295603","2835685047"
"karnataka",2020,4,"67200546","2806532070"
"telangana",2024,1,"93247341","2799957858"
"madhya-pradesh",2021,3,"51630699","2788718772"
"odisha",2023,1,"44361249","2788462899"
"telangana",2021,1,"51447207","2760120126"
"gujarat",2023,1,"70308690","2755406832"
"odisha",2023,2,"46260183","2755349793"
"telangana",2021,2,"54920640","2715953076"
"haryana",2023,4,"52669926","2713446963"
"kerala",2024,4,"41068161","2621213298"
"chhattisgarh",2024,4,"31953405","2607717933"
"andhra-pradesh",2020,4,"51229695","2607235614"
"tamil-nadu",2022,3,"72059892","2600215029"
"assam",2024,3,"30296334","2565648318"
"uttar-pradesh",2022,1,"116999076","2510778075"
"bihar",2022,4,"65214351","2504481606"
"jharkhand",2023,3,"28082190","2419551708"
"uttar-pradesh",2021,3,"102455646","2411670348"
"gujarat",2022,4,"67237059","2372953785"
"assam",2024,4,"31442781","2325508377"
"punjab",2024,4,"33925359","2324092686"
"telangana",2020,4,"47783391","2293842705"
"chhattisgarh",2023,2,"22408524","2247335115"
"kerala",2023,4,"36254922","2241910959"
"tamil-nadu",2022,2,"68489160","2220796218"
"delhi",2023,4,"55090878","2216419872"
"madhya-pradesh",2021,2,"47822805","2183224947"
"odisha",2022,4,"42381717","2178297762"
"odisha",2022,3,"40479846","2176427772"
"punjab",2024,3,"32936346","2157257988"
"west-bengal",2024,3,"100838484","2129592969"
"west-bengal",2024,2,"97621191","2112828822"
"haryana",2024,3,"55581864","2104769439"
"odisha",2023,4,"50042976","2103915243"
"gujarat",2022,3,"64184163","2097365712"
"andhra-pradesh",2020,3,"47077215","2088901146"
"karnataka",2020,3,"61462650","2081049636"
"bihar",2024,3,"95697945","2078625261"
"tamil-nadu",2021,4,"61299426","2057584320"
"chhattisgarh",2023,1,"21478980","2036395293"
"west-bengal",2022,4,"76609143","2034198981"
"uttar-pradesh",2021,2,"94955682","2020796592"
"odisha",2022,2,"38405970","2010933279"
"maharashtra",2020,3,"94228539","2004591303"
"jharkhand",2023,4,"29122008","1975659144"
"jharkhand",2023,2,"26942127","1971359826"
"assam",2023,2,"17249046","1971209019"
"bihar",2021,4,"52007943","1942202514"
"uttar-pradesh",2021,1,"88446225","1919154972"
"tamil-nadu",2022,1,"65001060","1915470825"
"west-bengal",2024,1,"93920529","1900579521"
"rajasthan",2021,1,"52983264","1897605177"
"karnataka",2020,1,"51050940","1879464108"
"bihar",2023,3,"74329530","1871770173"
"maharashtra",2020,1,"78505170","1845439704"
"odisha",2022,1,"36374337","1841566395"
"gujarat",2022,2,"60964788","1829830308"
"punjab",2023,4,"29694006","1817419743"
"assam",2023,1,"16498950","1770528963"
"jharkhand",2023,1,"25827321","1757426601"
"karnataka",2019,4,"46156248","1709024610"
"odisha",2021,4,"34197705","1702054338"
"assam",2023,4,"18704340","1674125865"
"haryana",2022,4,"44984832","1670696634"
"bihar",2023,2,"71345913","1668214158"
"uttar-pradesh",2020,4,"81747402","1656662394"
"chhattisgarh",2023,4,"24171048","1635372699"
"maharashtra",2019,4,"71235891","1630962336"
"chhattisgarh",2022,3,"19686711","1629619461"
"telangana",2020,3,"43772646","1583345775"
"gujarat",2022,1,"57795942","1565330817"
"west-bengal",2021,4,"61933581","1537007517"
"rajasthan",2020,4,"48988482","1533045327"
"maharashtra",2020,2,"86295258","1519064436"
"punjab",2024,2,"32033109","1507316985"
"chhattisgarh",2022,2,"18715047","1504233360"
"haryana",2024,2,"56796252","1485760452"
"andhra-pradesh",2020,2,"42959025","1483025094"
"odisha",2021,3,"31957470","1478639112"
"karnataka",2020,2,"55966098","1471530225"
"gujarat",2021,4,"54417603","1463538627"
"andhra-pradesh",2020,1,"39066180","1459541319"
"madhya-pradesh",2021,1,"44518281","1447500828"
"west-bengal",2023,3,"86899242","1420351119"
"tamil-nadu",2021,3,"57382320","1379480202"
"bihar",2023,1,"68388033","1367659680"
"telangana",2020,1,"36920580","1364171448"
"uttar-pradesh",2020,3,"74514348","1352353524"
"chhattisgarh",2022,1,"17750883","1345510314"
"punjab",2024,1,"30860892","1345436919"
"karnataka",2019,3,"40905225","1337050980"
"haryana",2021,4,"36349317","1326530961"
"maharashtra",2019,3,"63939243","1319995239"
"rajasthan",2020,3,"44908236","1310048610"
"jammu-&-kashmir",2024,2,"6839709","1275329925"
"bihar",2021,3,"48482313","1265404137"
"uttarakhand",2024,3,"16271310","1244441226"
"jharkhand",2022,3,"23509287","1242686580"
"andhra-pradesh",2019,4,"35273649","1233604554"
"assam",2022,3,"15050730","1232282121"
"madhya-pradesh",2020,4,"41213841","1216714338"
"delhi",2022,4,"47292447","1205594247"
"telangana",2019,4,"33662073","1197717132"
"jharkhand",2022,4,"24652914","1188296187"
"uttar-pradesh",2020,2,"67495557","1151110602"
"gujarat",2021,3,"50840283","1139961453"
"jharkhand",2022,2,"22278522","1137160455"
"jammu-&-kashmir",2024,3,"12485520","1129710036"
"uttar-pradesh",2020,1,"60408768","1122846249"
"bihar",2021,2,"44916402","1113595980"
"odisha",2021,2,"29673087","1102729482"
"telangana",2020,2,"40134573","1101391515"
"haryana",2024,1,"54744789","1070558925"
"bihar",2021,1,"41838864","1067377824"
"chhattisgarh",2022,4,"20540466","1064930442"
"uttarakhand",2024,4,"16727766","1062624201"
"west-bengal",2023,2,"83482986","1052588004"
"tamil-nadu",2021,1,"49897824","1046405142"
"west-bengal",2021,3,"57969834","1045765998"
"bihar",2022,2,"58709682","1045765314"
"kerala",2022,4,"31146306","1040945547"
"delhi",2021,4,"38355381","1037008059"
"tamil-nadu",2021,2,"53413626","1031905422"
"jammu-&-kashmir",2024,1,"6587409","1027737963"
"rajasthan",2020,1,"36426159","1025447268"
"assam",2022,2,"14267361","1019787267"
"punjab",2023,3,"28667991","1011322968"
"bihar",2022,3,"62083128","1010422155"
"jharkhand",2022,1,"21075825","994067943"
"rajasthan",2020,2,"40689603","989823543"
"haryana",2023,3,"50869467","982491222"
"madhya-pradesh",2020,3,"37692672","974552982"
"uttar-pradesh",2019,4,"53848626","972205875"
"west-bengal",2023,1,"80198685","963308043"
"telangana",2019,3,"30271671","954373533"
"bihar",2020,4,"38669499","951169800"
"bihar",2022,1,"55453974","950974797"
"west-bengal",2021,1,"50426397","950498022"
"andhra-pradesh",2019,3,"31376079","932860626"
"uttarakhand",2024,2,"16185876","929798520"
"odisha",2021,1,"27699027","903946422"
"haryana",2023,2,"48942708","894113118"
"haryana",2021,3,"33976008","890652315"
"meghalaya",2024,3,"1645506","877418832"
"west-bengal",2020,4,"46986279","875165757"
"himachal-pradesh",2024,2,"9518298","874220793"
"rajasthan",2019,4,"32775093","866714079"
"tamil-nadu",2020,4,"46072758","864700656"
"uttarakhand",2023,4,"15005478","862410891"
"jharkhand",2021,4,"19788588","854880027"
"jammu-&-kashmir",2023,3,"6094341","849614487"
"gujarat",2021,2,"47207943","847297629"
"assam",2022,1,"13477767","844927359"
"delhi",2021,1,"31401630","843604800"
"himachal-pradesh",2024,3,"8859204","831096060"
"chhattisgarh",2021,3,"15618252","829458228"
"west-bengal",2021,2,"53939937","826024398"
"odisha",2020,4,"25796253","810255879"
"uttar-pradesh",2019,3,"48133821","804427818"
"haryana",2021,1,"29483715","800060049"
"bihar",2020,3,"35289639","799957932"
"haryana",2022,3,"42911799","796425483"
"haryana",2023,1,"47064483","794838798"
"uttarakhand",2024,1,"15606753","794438247"
"gujarat",2021,1,"44010378","794198622"
"madhya-pradesh",2020,1,"30454113","787357440"
"west-bengal",2022,3,"73116144","769337244"
"madhya-pradesh",2020,2,"34123269","761310132"
"chhattisgarh",2021,4,"16696443","755257749"
"west-bengal",2022,2,"69373164","750829107"
"assam",2022,4,"15743328","746343471"
"jammu-&-kashmir",2024,4,"12865749","739708236"
"west-bengal",2020,3,"43345098","739664493"
"west-bengal",2019,4,"32655174","732979839"
"delhi",2020,4,"29243904","730301256"
"uttarakhand",2023,2,"13935966","722412879"
"rajasthan",2019,3,"29391912","715016997"
"madhya-pradesh",2019,4,"27495723","713534928"
"west-bengal",2022,1,"65759361","708393195"
"haryana",2020,4,"27389619","708303921"
"haryana",2022,2,"40728195","708273927"
"haryana",2021,2,"31591782","702157518"
"himachal-pradesh",2024,1,"9150423","694904391"
"gujarat",2020,4,"40815609","691492059"
"jharkhand",2021,3,"18455529","691427994"
"delhi",2021,3,"35940183","671533128"
"punjab",2023,2,"27591165","655477983"
"bihar",2020,2,"31811301","655305105"
"uttarakhand",2023,3,"14489976","652020504"
"haryana",2022,1,"38600964","651685401"
"kerala",2021,4,"25421430","640628571"
"arunachal-pradesh",2024,3,"2061504","632570898"
"jammu-&-kashmir",2023,2,"5859396","627747423"
"meghalaya",2024,1,"1096356","621386301"
"west-bengal",2020,1,"35882466","621204654"
"chhattisgarh",2021,2,"14511165","617354151"
"odisha",2020,3,"23705265","616792998"
"meghalaya",2024,2,"1138026","613947096"
"punjab",2022,4,"25388259","599698329"
"west-bengal",2020,2,"39666066","595767996"
"tamil-nadu",2020,3,"40930353","584049852"
"madhya-pradesh",2019,3,"24541992","577060140"
"delhi",2020,3,"27132522","570075087"
"odisha",2019,4,"18346611","569717157"
"himachal-pradesh",2023,3,"8448138","567923331"
"haryana",2020,3,"25196448","565844307"
"jammu-&-kashmir",2023,4,"6324498","558908586"
"gujarat",2020,3,"37403541","553207416"
"jharkhand",2021,2,"17104509","552702321"
"bihar",2020,1,"28053702","551605515"
"uttarakhand",2023,1,"13393107","545216079"
"tamil-nadu",2020,1,"32617104","539726259"
"delhi",2020,1,"23478591","534791958"
"punjab",2023,1,"26512224","532255026"
"west-bengal",2019,3,"28929666","529677033"
"odisha",2020,1,"19958910","527755866"
"kerala",2024,1,"37659888","519830898"
"delhi",2019,4,"21869649","518048013"
"himachal-pradesh",2024,4,"9122457","505730589"
"gujarat",2020,1,"30779529","496815366"
"delhi",2021,2,"33548097","494993322"
"kerala",2024,2,"39025230","494152836"
"bihar",2019,4,"25026822","491994291"
"himachal-pradesh",2023,4,"8774856","491083419"
"delhi",2019,3,"20346858","490143081"
"uttarakhand",2022,4,"12816147","482056641"
"haryana",2020,1,"21056310","473380404"
"uttarakhand",2022,2,"11631168","469397055"
"gujarat",2020,2,"34177971","465793077"
"tamil-nadu",2019,4,"28861479","465035151"
"odisha",2020,2,"21774945","464048316"
"punjab",2022,3,"24292746","463877193"
"uttarakhand",2022,3,"12245928","458411550"
"gujarat",2019,4,"27971397","443921271"
"kerala",2023,3,"35007429","435133281"
"tamil-nadu",2020,2,"36452358","434722341"
"haryana",2020,2,"23048634","430950369"
"arunachal-pradesh",2024,1,"1447179","430791129"
"delhi",2020,2,"25173417","428556759"
"jharkhand",2021,1,"15939147","425193993"
"punjab",2022,2,"23106300","416896011"
"punjab",2021,4,"20640309","415282497"
"himachal-pradesh",2023,2,"8119410","410324325"
"haryana",2019,4,"19100037","410165664"
"assam",2021,3,"11755440","405865893"
"jammu-&-kashmir",2023,1,"5619117","404486133"
"tripura",2024,3,"2749008","403756857"
"arunachal-pradesh",2024,2,"1502007","396041511"
"assam",2021,4,"12628773","391801305"
"odisha",2019,3,"16161627","390544368"
"gujarat",2019,3,"25287897","388324452"
"kerala",2024,3,"39814839","383115564"
"bihar",2019,3,"22140795","379563894"
"jharkhand",2020,4,"14753814","378932505"
"manipur",2024,3,"1788711","376562982"
"tamil-nadu",2019,3,"25286505","374071026"
"chhattisgarh",2021,1,"13543653","373946112"
"kerala",2023,2,"33712023","363932382"
"haryana",2019,3,"17351256","354997761"
"punjab",2022,1,"21908178","352448421"
"kerala",2023,1,"32468169","349187640"
"kerala",2021,3,"23848275","348848151"
"uttarakhand",2022,1,"11024487","345673146"
"karnataka",2019,2,"35904261","339074433"
"arunachal-pradesh",2023,3,"1334367","336710040"
"himachal-pradesh",2023,1,"7784004","335106132"
"delhi",2024,3,"55333851","335042475"
"uttarakhand",2021,4,"10380045","332785062"
"maharashtra",2019,2,"56330925","329903115"
"chhattisgarh",2020,4,"12571803","329701401"
"mizoram",2024,3,"674856","329360481"
"jammu-&-kashmir",2022,3,"5157555","328038705"
"kerala",2021,1,"20810829","326756199"
"himachal-pradesh",2022,3,"7144728","326497614"
"punjab",2021,3,"19304586","322842465"
"arunachal-pradesh",2023,2,"1279230","318268560"
"kerala",2022,3,"29801931","313697499"
"himachal-pradesh",2022,2,"6793221","307466049"
"assam",2021,2,"10851168","306011670"
"delhi",2024,2,"59367288","299269377"
"jharkhand",2020,3,"13440081","297956352"
"kerala",2022,2,"28327599","296629176"
"tripura",2024,2,"2630172","292023051"
"kerala",2022,1,"26916897","282143679"
"kerala",2020,4,"19161507","274245819"
"uttarakhand",2021,3,"9700527","272659590"
"jammu-&-kashmir",2022,2,"4906710","269958930"
"arunachal-pradesh",2023,1,"1224819","266992374"
"kerala",2021,2,"22248249","263443245"
"chhattisgarh",2020,3,"11398158","260755818"
"punjab",2021,2,"17929644","257682267"
"tripura",2024,1,"2526405","244223508"
"andhra-pradesh",2019,2,"28167009","244125753"
"punjab",2021,1,"16706331","243156804"
"telangana",2019,2,"27138021","242526906"
"delhi",2024,1,"57201441","240908823"
"goa",2024,4,"3429996","235292235"
"uttar-pradesh",2019,2,"42949047","235182120"
"uttarakhand",2021,2,"9012120","235140108"
"himachal-pradesh",2022,1,"6430449","231834834"
"jharkhand",2020,2,"12183105","229017828"
"meghalaya",2023,3,"1008846","225167595"
"jharkhand",2020,1,"10954179","222044139"
"nagaland",2024,3,"1340907","221130360"
"himachal-pradesh",2022,4,"7449228","217067151"
"punjab",2020,4,"15473604","213573549"
"jharkhand",2019,4,"9844113","210545367"
"ladakh",2024,3,"582438","205727799"
"chhattisgarh",2020,2,"10204974","205480152"
"goa",2023,4,"2987769","194606709"
"kerala",2020,3,"16746900","192927066"
"chhattisgarh",2020,1,"9049461","192672303"
"rajasthan",2019,2,"26351805","188362008"
"jammu-&-kashmir",2022,1,"4647960","186347571"
"nagaland",2024,2,"1244628","181483068"
"jammu-&-kashmir",2022,4,"5380302","180617595"
"manipur",2024,1,"1768704","179276286"
"arunachal-pradesh",2022,3,"1120116","179167884"
"manipur",2024,2,"1843338","179120340"
"uttarakhand",2021,1,"8406366","177846780"
"punjab",2020,3,"14082699","176840196"
"delhi",2022,1,"40617591","172572459"
"chhattisgarh",2019,4,"8177700","171836931"
"assam",2021,1,"10075344","170257092"
"tripura",2024,4,"2846748","169977879"
"jharkhand",2019,3,"8746533","166513380"
"punjab",2020,1,"11218506","161561130"
"himachal-pradesh",2021,3,"5641878","158910864"
"uttarakhand",2020,4,"7788732","157694664"
"delhi",2022,2,"42780429","157659240"
"nagaland",2023,3,"1098609","155955168"
"delhi",2023,2,"51309267","154245117"
"punjab",2020,2,"12676443","153868728"
"delhi",2023,1,"49440033","153149367"
"madhya-pradesh",2019,2,"21903516","151926453"
"mizoram",2024,1,"495378","150883092"
"goa",2024,3,"3342102","149876532"
"tripura",2023,3,"2324034","149828862"
"delhi",2022,3,"45028569","149758494"
"arunachal-pradesh",2022,2,"1063584","149668554"
"delhi",2023,3,"53241501","148779867"
"west-bengal",2019,2,"25838385","148542603"
"assam",2020,4,"9318459","147965442"
"punjab",2019,4,"9965226","143021640"
"himachal-pradesh",2021,4,"6041241","143012946"
"meghalaya",2023,2,"967146","142011702"
"arunachal-pradesh",2024,4,"2132637","139882746"
"nagaland",2024,1,"1195890","139455243"
"kerala",2020,1,"12234948","139189194"
"chhattisgarh",2019,3,"7305174","139087023"
"kerala",2020,2,"14186532","137498859"
"sikkim",2024,2,"913950","135857985"
"jammu-&-kashmir",2021,3,"4079580","135075591"
"meghalaya",2023,1,"924972","134060757"
"meghalaya",2024,4,"1713816","133223301"
"mizoram",2024,2,"514620","132513138"
"delhi",2019,2,"18496344","131194710"
"tripura",2023,4,"2419032","130775886"
"himachal-pradesh",2021,2,"5229453","129809931"
"goa",2022,4,"2565606","129015636"
"ladakh",2023,3,"361305","127908090"
"dadra-&-nagar-haveli-&-daman-&-diu",2024,4,"1933650","125843142"
"assam",2020,3,"8490033","125625834"
"arunachal-pradesh",2022,1,"1006017","124255677"
"ladakh",2024,2,"404106","124066920"
"punjab",2019,3,"8888139","122582658"
"uttarakhand",2020,3,"7096314","121132044"
"kerala",2019,4,"10511814","120138099"
"bihar",2019,2,"19769277","118821066"
"assam",2020,2,"7652649","117914772"
"arunachal-pradesh",2023,4,"1386264","116620638"
"chandigarh",2024,4,"2163648","111795051"
"dadra-&-nagar-haveli-&-daman-&-diu",2023,4,"1772280","109738134"
"jammu-&-kashmir",2021,4,"4370430","108036444"
"chandigarh",2023,4,"2182782","107159973"
"nagaland",2023,1,"1007808","105681462"
"sikkim",2023,3,"818487","104718918"
"gujarat",2019,2,"22723935","104670903"
"jammu-&-kashmir",2021,2,"3783801","102823677"
"odisha",2019,2,"14536077","101866635"
"tamil-nadu",2019,2,"22288827","100976883"
"nagaland",2023,2,"1053072","100836240"
"assam",2020,1,"6557814","99293676"
"uttarakhand",2020,1,"5830818","97893795"
"meghalaya",2022,3,"850461","97788405"
"puducherry",2023,4,"1823514","96548031"
"manipur",2024,4,"1850985","96438384"
"haryana",2019,2,"15534090","95787585"
"kerala",2019,3,"8972889","94415082"
"nagaland",2022,3,"922158","93688098"
"goa",2024,1,"3105150","93504948"
"uttarakhand",2020,2,"6445701","93224379"
"tripura",2023,2,"2229072","92457621"
"puducherry",2024,4,"1938474","92174733"
"meghalaya",2023,4,"1047990","91072878"
"tripura",2023,1,"2132652","89209923"
"manipur",2023,1,"1495011","88257222"
"mizoram",2023,3,"454134","87058329"
"uttarakhand",2019,4,"5258031","86561601"
"nagaland",2022,2,"876312","85957293"
"andaman-&-nicobar-islands",2024,1,"325233","85616253"
"sikkim",2023,2,"788184","85412625"
"goa",2021,4,"2091534","84864762"
"meghalaya",2022,2,"809829","82376976"
"assam",2019,4,"5823660","79798347"
"ladakh",2023,2,"347208","78856560"
"manipur",2022,2,"1303689","78710700"
"manipur",2022,3,"1371189","78034029"
"manipur",2023,4,"1692390","76654635"
"assam",2019,3,"5194569","76181019"
"nagaland",2024,4,"1390569","76167045"
"uttarakhand",2019,3,"4757577","73982964"
"mizoram",2023,1,"416253","73211082"
"himachal-pradesh",2021,1,"4868853","72684282"
"nagaland",2022,1,"829449","72618159"
"puducherry",2022,4,"1561947","72432552"
"tripura",2022,3,"1947429","72370707"
"dadra-&-nagar-haveli-&-daman-&-diu",2022,4,"1500375","72200310"
"goa",2023,3,"2885493","72053142"
"meghalaya",2022,1,"767517","70902318"
"goa",2023,1,"2676555","68489793"
"manipur",2022,1,"1235700","67913241"
"himachal-pradesh",2020,4,"4526298","66003444"
"mizoram",2023,2,"435183","65605941"
"arunachal-pradesh",2022,4,"1170921","65325114"
"goa",2024,2,"3220548","64079829"
"tripura",2022,2,"1847346","64029333"
"manipur",2023,3,"1624716","62082885"
"andaman-&-nicobar-islands",2023,3,"300765","61635237"
"goa",2023,2,"2778060","60658932"
"nagaland",2023,4,"1143486","60507006"
"ladakh",2022,3,"306897","59204343"
"goa",2022,3,"2453490","59138292"
"sikkim",2024,1,"881463","58753080"
"andaman-&-nicobar-islands",2024,3,"517419","58664538"
"tripura",2022,1,"1746372","57968889"
"goa",2022,2,"2333337","57186471"
"sikkim",2023,1,"757320","56781681"
"jammu-&-kashmir",2021,1,"3524454","56502027"
"sikkim",2022,3,"696075","56245608"
"andaman-&-nicobar-islands",2024,4,"536364","56075049"
"goa",2022,1,"2215884","56036394"
"sikkim",2024,4,"962244","55472520"
"himachal-pradesh",2020,3,"4135902","55235250"
"sikkim",2024,3,"936933","54738630"
"arunachal-pradesh",2021,3,"879219","51628962"
"sikkim",2022,2,"662982","50981811"
"andaman-&-nicobar-islands",2024,2,"338061","50630649"
"mizoram",2022,2,"364605","49939650"
"goa",2021,3,"1960374","49725333"
"ladakh",2024,1,"390210","49509225"
"himachal-pradesh",2020,2,"3749601","48376740"
"tripura",2022,4,"2036223","48322830"
"jammu-&-kashmir",2020,4,"3237066","48056253"
"sikkim",2023,4,"847725","47514594"
"mizoram",2022,3,"383205","46671489"
"goa",2021,1,"1710105","46403016"
"chandigarh",2022,4,"1882689","45926586"
"dadra-&-nagar-haveli-&-daman-&-diu",2021,4,"1196889","45028365"
"jharkhand",2019,2,"7814562","44787198"
"mizoram",2022,1,"345885","44659971"
"ladakh",2022,2,"292551","44304387"
"andaman-&-nicobar-islands",2023,2,"288987","44216028"
"himachal-pradesh",2020,1,"3318075","43920312"
"ladakh",2023,1,"332973","43567485"
"puducherry",2021,4,"1269501","42772704"
"manipur",2023,2,"1559397","42228111"
"chhattisgarh",2019,2,"6573198","39619119"
"arunachal-pradesh",2021,2,"811716","39077547"
"goa",2021,2,"1827318","38131083"
"himachal-pradesh",2019,4,"2957835","37913712"
"mizoram",2024,4,"703581","37403493"
"manipur",2022,4,"1431876","37388196"
"sikkim",2022,1,"628848","37320579"
"tripura",2021,3,"1529787","36837438"
"chandigarh",2021,4,"1536276","34811862"
"jammu-&-kashmir",2020,3,"2849457","34330362"
"arunachal-pradesh",2021,4,"944832","33690885"
"nagaland",2022,4,"963615","33514746"
"andaman-&-nicobar-islands",2023,1,"277452","33037992"
"goa",2020,4,"1582752","32973354"
"punjab",2019,2,"7800336","32784282"
"tripura",2021,4,"1638876","32186106"
"himachal-pradesh",2019,3,"2628552","32162223"
"meghalaya",2022,4,"885966","30317772"
"meghalaya",2021,3,"669195","29858868"
"ladakh",2024,4,"581172","29644740"
"jammu-&-kashmir",2020,2,"2535882","29569959"
"andaman-&-nicobar-islands",2023,4,"311934","29537880"
"manipur",2021,3,"1085247","29231316"
"tripura",2021,2,"1416459","28502643"
"mizoram",2023,4,"472881","28274430"
"sikkim",2022,4,"725904","26846592"
"ladakh",2022,1,"277476","26706240"
"kerala",2019,2,"7650501","26019660"
"nagaland",2021,3,"725391","25985973"
"chandigarh",2021,1,"1259994","23758599"
"puducherry",2021,1,"1038837","23743521"
"manipur",2021,4,"1163238","22809882"
"dadra-&-nagar-haveli-&-daman-&-diu",2024,2,"1922172","22468857"
"uttarakhand",2019,2,"4243017","22362837"
"assam",2019,2,"4500384","22050978"
"dadra-&-nagar-haveli-&-daman-&-diu",2021,1,"964188","21907386"
"meghalaya",2021,2,"617058","21872412"
"manipur",2021,2,"1006227","21807006"
"dadra-&-nagar-haveli-&-daman-&-diu",2021,3,"1115622","21488202"
"goa",2020,1,"1175700","21441699"
"ladakh",2023,4,"374484","21324369"
"ladakh",2021,3,"243630","21298650"
"puducherry",2021,3,"1189827","20698776"
"nagaland",2021,2,"670011","20150676"
"chandigarh",2020,4,"1174206","19433922"
"nagaland",2021,4,"779970","19150011"
"chandigarh",2021,3,"1441389","19136421"
"puducherry",2020,4,"958878","19131408"
"goa",2019,4,"1060638","18871629"
"dadra-&-nagar-haveli-&-daman-&-diu",2020,4,"889479","18589308"
"goa",2020,3,"1424886","18389298"
"andaman-&-nicobar-islands",2022,3,"253926","18205062"
"meghalaya",2021,4,"720804","18145782"
"tripura",2020,4,"1227330","18051747"
"tripura",2021,1,"1318908","18028980"
"dadra-&-nagar-haveli-&-daman-&-diu",2024,1,"1847589","17901300"
"tripura",2020,3,"1130193","17333724"
"sikkim",2021,3,"554079","17143695"
"sikkim",2021,4,"592221","16576656"
"dadra-&-nagar-haveli-&-daman-&-diu",2024,3,"1883445","16287897"
"mizoram",2021,3,"301941","16157154"
"goa",2020,2,"1291917","15930378"
"chandigarh",2020,1,"938661","15603633"
"andaman-&-nicobar-islands",2022,2,"241590","15540039"
"puducherry",2021,2,"1109883","15536748"
"dadra-&-nagar-haveli-&-daman-&-diu",2021,2,"1034982","15188949"
"chandigarh",2019,4,"868770","14881323"
"chandigarh",2020,3,"1087764","14666217"
"arunachal-pradesh",2021,1,"753720","14390124"
"goa",2019,3,"951582","14261676"
"chandigarh",2021,2,"1345716","14201772"
"puducherry",2023,3,"1759650","13961079"
"chandigarh",2019,3,"802011","13875588"
"sikkim",2021,2,"515220","13623363"
"dadra-&-nagar-haveli-&-daman-&-diu",2020,2,"734442","13515381"
"jammu-&-kashmir",2020,1,"2206224","13430682"
"arunachal-pradesh",2020,4,"693876","13418001"
"dadra-&-nagar-haveli-&-daman-&-diu",2023,1,"1573851","13413852"
"dadra-&-nagar-haveli-&-daman-&-diu",2023,3,"1707105","13348539"
"tripura",2020,2,"1009998","13329663"
"dadra-&-nagar-haveli-&-daman-&-diu",2020,3,"803838","13264497"
"ladakh",2021,2,"225144","13174896"
"andaman-&-nicobar-islands",2022,4,"265326","13062279"
"puducherry",2020,3,"855519","12666477"
"dadra-&-nagar-haveli-&-daman-&-diu",2020,1,"655488","12585366"
"puducherry",2022,3,"1489710","12560733"
"dadra-&-nagar-haveli-&-daman-&-diu",2023,2,"1639092","12258075"
"tripura",2020,1,"899886","12189669"
"mizoram",2021,2,"277656","12043791"
"arunachal-pradesh",2020,3,"618138","12010263"
"puducherry",2022,1,"1344153","11815971"
"dadra-&-nagar-haveli-&-daman-&-diu",2022,1,"1273710","11732376"
"dadra-&-nagar-haveli-&-daman-&-diu",2022,2,"1347048","11658876"
"andaman-&-nicobar-islands",2022,1,"228864","11542221"
"jammu-&-kashmir",2019,3,"1975365","11531757"
"dadra-&-nagar-haveli-&-daman-&-diu",2022,3,"1424421","11513643"
"ladakh",2022,4,"319011","11497017"
"puducherry",2022,2,"1414989","11490870"
"puducherry",2020,1,"692724","11462829"
"puducherry",2023,2,"1693293","11451123"
"manipur",2020,4,"866316","11350296"
"dadra-&-nagar-haveli-&-daman-&-diu",2019,4,"592794","11311629"
"chandigarh",2024,3,"2101194","11273463"
"manipur",2021,1,"938004","11127681"
"tripura",2019,4,"816894","10832421"
"manipur",2020,3,"775689","10657125"
"puducherry",2023,1,"1631457","10495287"
"chandigarh",2020,2,"1009053","10353750"
"arunachal-pradesh",2020,2,"532602","10161018"
"chandigarh",2024,2,"2348373","10053381"
"tripura",2019,3,"736368","10052973"
"himachal-pradesh",2019,2,"2317809","9965133"
"puducherry",2024,1,"1894989","9897003"
"puducherry",2019,4,"612876","9789366"
"mizoram",2022,4,"398610","9433653"
"dadra-&-nagar-haveli-&-daman-&-diu",2019,3,"530787","9378567"
"andaman-&-nicobar-islands",2021,3,"200946","9364875"
"puducherry",2020,2,"766800","9172824"
"manipur",2020,2,"646488","9034473"
"nagaland",2021,1,"623424","8941743"
"meghalaya",2021,1,"572607","8817078"
"nagaland",2020,4,"576564","8766363"
"puducherry",2024,2,"1966458","8648007"
"nagaland",2020,3,"519318","8605926"
"sikkim",2021,1,"480639","8385993"
"meghalaya",2020,4,"529341","8237751"
"jammu-&-kashmir",2019,2,"1893579","8116119"
"chandigarh",2024,1,"2264547","8042406"
"puducherry",2024,3,"1887996","8020641"
"ladakh",2021,4,"261171","7995609"
"arunachal-pradesh",2020,1,"447198","7794963"
"sikkim",2020,4,"445629","7436010"
"puducherry",2019,3,"533604","7430766"
"meghalaya",2020,3,"473223","7153602"
"chandigarh",2022,1,"1624647","6965055"
"chandigarh",2022,2,"1708746","6857937"
"andaman-&-nicobar-islands",2021,2,"186285","6744669"
"meghalaya",2020,2,"408633","6615759"
"manipur",2020,1,"532122","6526926"
"chandigarh",2022,3,"1796094","6520068"
"sikkim",2020,3,"404319","6469410"
"arunachal-pradesh",2019,4,"387963","6421020"
"nagaland",2020,2,"390615","6357837"
"andaman-&-nicobar-islands",2021,4,"215340","6338730"
"mizoram",2021,4,"325215","6282354"
"chandigarh",2023,1,"1963566","6003195"
"chandigarh",2023,2,"2035986","5936964"
"chandigarh",2023,3,"2112432","5774766"
"sikkim",2020,2,"359763","5737005"
"manipur",2019,4,"466074","5566464"
"arunachal-pradesh",2019,3,"336447","5435100"
"lakshadweep",2024,4,"35307","5393472"
"meghalaya",2020,1,"341442","5148633"
"sikkim",2020,1,"313893","5091489"
"nagaland",2020,1,"321429","5053560"
"manipur",2019,3,"408948","4782615"
"sikkim",2019,4,"278916","4656012"
"meghalaya",2019,4,"300090","4471626"
"nagaland",2019,4,"279372","4363653"
"meghalaya",2019,3,"262185","4163442"
"goa",2019,2,"836820","4056696"
"sikkim",2019,3,"246384","3950412"
"nagaland",2019,3,"240231","3732066"
"ladakh",2020,4,"194559","3698271"
"chandigarh",2019,2,"721317","3660528"
"mizoram",2021,1,"257250","3579642"
"ladakh",2021,1,"209757","3552612"
"mizoram",2020,4,"236193","3288546"
"ladakh",2020,3,"175203","3047040"
"andaman-&-nicobar-islands",2021,1,"173274","3013008"
"jammu-&-kashmir",2019,4,"2020101","2995716"
"tripura",2019,2,"652932","2860881"
"mizoram",2020,3,"204945","2774595"
"lakshadweep",2023,4,"24675","2773662"
"andaman-&-nicobar-islands",2020,4,"157188","2661624"
"dadra-&-nagar-haveli-&-daman-&-diu",2019,2,"475740","2582058"
"mizoram",2020,2,"166722","2217924"
"ladakh",2020,2,"159102","2087019"
"lakshadweep",2024,2,"26685","2050272"
"puducherry",2019,2,"469374","1985796"
"lakshadweep",2024,1,"25734","1936125"
"mizoram",2020,1,"139497","1934049"
"ladakh",2020,1,"143370","1771452"
"mizoram",2019,4,"119427","1587504"
"andaman-&-nicobar-islands",2020,3,"124005","1546695"
"ladakh",2019,3,"117519","1509378"
"arunachal-pradesh",2019,2,"287655","1508619"
"ladakh",2019,4,"129324","1411320"
"manipur",2019,2,"353241","1394487"
"mizoram",2019,3,"102402","1373502"
"sikkim",2019,2,"212997","1195560"
"meghalaya",2019,2,"224238","1187292"
"nagaland",2019,2,"200673","1087491"
"andaman-&-nicobar-islands",2020,2,"98130","915216"
"lakshadweep",2023,3,"23736","883218"
"andaman-&-nicobar-islands",2020,1,"85104","580758"
"andaman-&-nicobar-islands",2019,4,"77880","531036"
"andaman-&-nicobar-islands",2019,3,"71793","513321"
"ladakh",2019,2,"106548","471951"
"mizoram",2019,2,"86088","399075"
"lakshadweep",2023,2,"22755","271503"
"lakshadweep",2022,4,"20883","217131"
"lakshadweep",2021,4,"16914","201960"
"andaman-&-nicobar-islands",2019,2,"65193","157920"
"lakshadweep",2021,3,"15861","147381"
"lakshadweep",2021,1,"13731","141849"
"lakshadweep",2022,1,"17970","136230"
"lakshadweep",2023,1,"21801","131463"
"lakshadweep",2020,4,"12537","123432"
"lakshadweep",2021,2,"14688","120903"
"lakshadweep",2022,2,"18981","115350"
"lakshadweep",2020,3,"10932","96384"
"lakshadweep",2020,2,"9561","87606"
"lakshadweep",2024,3,"34185","84678"
"lakshadweep",2020,1,"8316","65946"
"lakshadweep",2022,3,"19935","54333"
"lakshadweep",2019,4,"7281","53280"
"lakshadweep",2019,3,"6351","45114"
"lakshadweep",2019,2,"5241","13740"
"rajasthan",2018,2,"12638892","0"
"sikkim",2018,2,"84291","0"
"tripura",2019,1,"549762","0"
"uttarakhand",2018,4,"3036309","0"
"west-bengal",2018,3,"14555220","0"
"goa",2019,1,"714456","0"
"chandigarh",2018,2,"345657","0"
"odisha",2019,1,"12962232","0"
"himachal-pradesh",2018,1,"682119","0"
"mizoram",2018,4,"58095","0"
"manipur",2018,1,"89775","0"
"jharkhand",2018,1,"2657286","0"
"meghalaya",2019,1,"184461","0"
"tripura",2018,2,"250107","0"
"tamil-nadu",2018,1,"6314262","0"
"uttarakhand",2018,2,"1947426","0"
"puducherry",2018,2,"196740","0"
"delhi",2019,1,"16497789","0"
"odisha",2018,1,"4782045","0"
"chhattisgarh",2018,1,"2037789","0"
"chandigarh",2019,1,"627525","0"
"madhya-pradesh",2018,1,"7660809","0"
"west-bengal",2018,4,"18837834","0"
"punjab",2018,4,"5597145","0"
"gujarat",2019,1,"19957608","0"
"madhya-pradesh",2018,4,"16096326","0"
"assam",2019,1,"3777255","0"
"assam",2018,4,"3117663","0"
"ladakh",2018,3,"53247","0"
"mizoram",2018,1,"22779","0"
"punjab",2018,1,"2541426","0"
"puducherry",2018,1,"147954","0"
"arunachal-pradesh",2018,4,"185556","0"
"nagaland",2018,4,"128991","0"
"andhra-pradesh",2018,1,"10009350","0"
"himachal-pradesh",2018,3,"1222902","0"
"odisha",2018,2,"6557343","0"
"dadra-&-nagar-haveli-&-daman-&-diu",2018,2,"214374","0"
"maharashtra",2018,2,"24667113","0"
"dadra-&-nagar-haveli-&-daman-&-diu",2018,4,"349533","0"
"tamil-nadu",2018,2,"8988108","0"
"bihar",2018,1,"6401412","0"
"rajasthan",2018,3,"15526359","0"
"karnataka",2018,2,"15091995","0"
"bihar",2018,2,"9017616","0"
"haryana",2018,1,"5542071","0"
"west-bengal",2019,1,"22348275","0"
"jharkhand",2018,3,"4597086","0"
"himachal-pradesh",2018,4,"1579029","0"
"arunachal-pradesh",2018,3,"137766","0"
"haryana",2018,4,"11379237","0"
"lakshadweep",2018,1,"1503","0"
"manipur",2018,3,"185805","0"
"west-bengal",2018,2,"11501385","0"
"telangana",2018,1,"9946680","0"
"assam",2018,1,"1155711","0"
"ladakh",2018,4,"71649","0"
"dadra-&-nagar-haveli-&-daman-&-diu",2018,1,"159774","0"
"assam",2018,2,"1713138","0"
"manipur",2019,1,"298581","0"
"delhi",2018,3,"10514733","0"
"himachal-pradesh",2018,2,"945897","0"
"delhi",2018,2,"8268423","0"
"punjab",2019,1,"6679770","0"
"delhi",2018,1,"6261066","0"
"uttar-pradesh",2019,1,"37375983","0"
"telangana",2018,3,"15415503","0"
"chandigarh",2018,4,"533241","0"
"nagaland",2018,1,"45222","0"
"himachal-pradesh",2019,1,"1959615","0"
"andaman-&-nicobar-islands",2018,2,"28215","0"
"chhattisgarh",2018,2,"2852025","0"
"kerala",2018,1,"2352552","0"
"west-bengal",2018,1,"7814367","0"
"karnataka",2018,4,"24947406","0"
"maharashtra",2018,4,"40144806","0"
"telangana",2019,1,"23890275","0"
"nagaland",2019,1,"161733","0"
"jammu-&-kashmir",2019,1,"1592007","0"
"uttar-pradesh",2018,1,"14082750","0"
"karnataka",2018,3,"19117947","0"
"andaman-&-nicobar-islands",2018,4,"45666","0"
"sikkim",2018,4,"145614","0"
"andaman-&-nicobar-islands",2018,1,"20220","0"
"uttarakhand",2019,1,"3674865","0"
"meghalaya",2018,1,"55539","0"
"goa",2018,1,"275808","0"
"punjab",2018,2,"3456570","0"
"andaman-&-nicobar-islands",2019,1,"55788","0"
"meghalaya",2018,2,"79854","0"
"uttar-pradesh",2018,3,"24289449","0"
"mizoram",2018,3,"43506","0"
"tamil-nadu",2018,4,"15599634","0"
"nagaland",2018,2,"67308","0"
"jammu-&-kashmir",2018,1,"529275","0"
"andhra-pradesh",2019,1,"24849057","0"
"assam",2018,3,"2354406","0"
"lakshadweep",2018,4,"3468","0"
"arunachal-pradesh",2018,2,"98649","0"
"chandigarh",2018,1,"258804","0"
"maharashtra",2019,1,"48853353","0"
"haryana",2018,3,"9061194","0"
"nagaland",2018,3,"96270","0"
"puducherry",2018,3,"244638","0"
"sikkim",2019,1,"176868","0"
"lakshadweep",2019,1,"4248","0"
"maharashtra",2018,3,"31305099","0"
"andaman-&-nicobar-islands",2018,3,"36447","0"
"haryana",2018,2,"7341663","0"
"andhra-pradesh",2018,3,"16282851","0"
"odisha",2018,4,"10871733","0"
"goa",2018,3,"461406","0"
"tamil-nadu",2018,3,"11700531","0"
"rajasthan",2018,4,"19076214","0"
"arunachal-pradesh",2019,1,"230871","0"
"maharashtra",2018,1,"18320982","0"
"madhya-pradesh",2019,1,"19243209","0"
"sikkim",2018,3,"112911","0"
"goa",2018,4,"586050","0"
"goa",2018,2,"366522","0"
"jammu-&-kashmir",2018,4,"1309689","0"
"jammu-&-kashmir",2018,2,"784827","0"
"gujarat",2018,1,"8070144","0"
"kerala",2018,4,"5271978","0"
"jammu-&-kashmir",2018,3,"1027587","0"
"meghalaya",2018,4,"148902","0"
"andhra-pradesh",2018,4,"20572227","0"
"jharkhand",2019,1,"6837987","0"
"dadra-&-nagar-haveli-&-daman-&-diu",2018,3,"276321","0"
"telangana",2018,2,"12780345","0"
"odisha",2018,3,"8387154","0"
"sikkim",2018,1,"60153","0"
"bihar",2019,1,"17235351","0"
"haryana",2019,1,"13616301","0"
"rajasthan",2019,1,"23136612","0"
"manipur",2018,2,"138165","0"
"jharkhand",2018,4,"5741847","0"
"arunachal-pradesh",2018,1,"64485","0"
"lakshadweep",2018,2,"2058","0"
"karnataka",2018,1,"11153289","0"
"uttar-pradesh",2018,2,"19327662","0"
"chhattisgarh",2018,4,"4739994","0"
"madhya-pradesh",2018,3,"12927927","0"
"madhya-pradesh",2018,2,"10324986","0"
"mizoram",2018,2,"31266","0"
"tripura",2018,4,"459795","0"
"gujarat",2018,2,"10697475","0"
"ladakh",2018,1,"26352","0"
"ladakh",2018,2,"38754","0"
"puducherry",2019,1,"399177","0"
"chhattisgarh",2018,3,"3653376","0"
"uttarakhand",2018,1,"1449129","0"
"punjab",2018,3,"4419444","0"
"gujarat",2018,4,"16737120","0"
"uttar-pradesh",2018,4,"31025892","0"
"jharkhand",2018,2,"3691797","0"
"puducherry",2018,4,"328482","0"
"meghalaya",2018,3,"111843","0"
"chandigarh",2018,3,"431679","0"
"kerala",2019,1,"6409872","0"
"tripura",2018,3,"350622","0"
"gujarat",2018,3,"13299549","0"
"chhattisgarh",2019,1,"5726694","0"
"telangana",2018,4,"19589037","0"
"kerala",2018,3,"4042794","0"
"uttarakhand",2018,3,"2431836","0"
"bihar",2018,3,"11353605","0"
"manipur",2018,4,"247767","0"
"tripura",2018,1,"165471","0"
"lakshadweep",2018,3,"2754","0"
"delhi",2018,4,"13890939","0"
"andhra-pradesh",2018,2,"13207620","0"
"ladakh",2019,1,"88947","0"
"karnataka",2019,1,"30798522","0"
"mizoram",2019,1,"71010","0"
"kerala",2018,2,"3199761","0"
"tamil-nadu",2019,1,"18888909","0"
"dadra-&-nagar-haveli-&-daman-&-diu",2019,1,"421596","0"
"rajasthan",2018,1,"9474606","0"
"bihar",2018,4,"14329995","0"
